state,district,latest_month,ARS_latest,MEGR_latest,EVI_latest,UPI_score_latest,UPI_flag_latest,Risk_Tier
Arunachal Pradesh,Anjaw,2025-12-01,0.7441079368918831,-0.7380952380952381,10.72403830507362,0.5,Yes,High Risk
Assam,Dima Hasao,2025-12-01,0.6034836438610117,-1.0,0.1250000000000004,0.6666666666666666,Yes,Medium Risk
Chandigarh,Rupnagar,2025-12-01,0.512463463172195,-1.0,0.4472135954999579,0.3333333333333333,No,Medium Risk
Assam,Sribhumi,2025-12-01,0.4949194815995035,-0.7,0.535340371847415,0.6666666666666666,Yes,Medium Risk
Maharashtra,Ahilyanagar,2025-12-01,0.462463463172195,-1.0,0.4472135954999579,0.16666666666666666,No,Medium Risk
Sikkim,Namchi,2025-12-01,0.462463463172195,-1.0,0.447213595499958,0.16666666666666666,No,Medium Risk
Nagaland,Niuland,2025-12-01,0.43124436179406866,-0.5,1.121109212100807,0.6666666666666666,Yes,Medium Risk
Puducherry,Yanam,2025-12-01,0.41920362097960584,-0.4444444444444444,1.4864408093440264,0.6666666666666666,Yes,Medium Risk
Assam,Barpeta,2025-12-01,0.389577209810289,-0.4500915750915751,0.3423347848654797,0.6666666666666666,Yes,Medium Risk
Assam,Charaideo,2025-12-01,0.3771448127232123,-0.5333333333333333,0.49558307123665396,0.5,Yes,Medium Risk
Arunachal Pradesh,Kamle,2025-12-01,0.37484890760420925,-0.5,0.8916277250063502,0.5,Yes,Medium Risk
Manipur,Jiribam,2025-12-01,0.374358521888933,-0.5,0.8740317201174541,0.5,Yes,Medium Risk
Arunachal Pradesh,Pakke Kessang,2025-12-01,0.36756995401683273,-0.5714285714285714,1.3993438695710652,0.3333333333333333,No,Medium Risk
Nagaland,Noklak,2025-12-01,0.36742029503170986,-0.375,0.6250744811587534,0.6666666666666666,Yes,Medium Risk
Andaman and Nicobar Islands,Nicobars,2025-12-01,0.36404357314632474,-0.32608695652173914,1.2059495702823206,0.6666666666666666,Yes,Medium Risk
Chhattisgarh,Khairagarh Chhuikhadan Gandai,2025-12-01,0.3544217694874858,-0.2727272727272727,1.626560514118278,0.6666666666666666,Yes,Medium Risk
Gujarat,Devbhumi Dwarka,2025-12-01,0.3430236142197168,-0.3145631067961165,0.617111427984625,0.6666666666666666,Yes,Medium Risk
Jammu and Kashmir,Shupiyan,2025-12-01,0.34061612558032905,-0.321285140562249,0.4342460738766145,0.6666666666666666,Yes,Medium Risk
Arunachal Pradesh,Longding,2025-12-01,0.3335808526413919,-0.39344262295081966,0.9402440557404778,0.5,Yes,Medium Risk
Bihar,Banka,2025-12-01,0.3267488952361054,-0.2867132867132867,0.4328650197930784,0.6666666666666666,Yes,Low Risk
Rajasthan,Bikaner,2025-12-01,0.32417692709720236,-0.22256253190403266,1.2613198901085871,0.6666666666666666,Yes,Low Risk
Chhattisgarh,Manendragarh–Chirmiri–Bharatpur,2025-12-01,0.3233572344884367,-0.35294117647058826,1.1547091631683064,0.5,Yes,Low Risk
Rajasthan,Baran,2025-12-01,0.31380863916708346,-0.21019705974350955,1.066764301110493,0.6666666666666666,Yes,Low Risk
Bihar,Pashchim Champaran,2025-12-01,0.305133017097786,-0.2329803328290469,0.42846242478341373,0.6666666666666666,Yes,Low Risk
Tamil Nadu,Mayiladuthurai,2025-12-01,0.30505843778358144,-0.21323529411764705,0.7091827166132553,0.6666666666666666,Yes,Low Risk
Mizoram,Serchhip,2025-12-01,0.3049682058911114,-0.2222222222222222,0.576957549470668,0.6666666666666666,Yes,Low Risk
Meghalaya,East Garo Hills,2025-12-01,0.30450223332521775,-0.16666666666666666,1.3576146187760576,0.6666666666666666,Yes,Low Risk
Himachal Pradesh,Kullu,2025-12-01,0.3014431960272956,-0.35924932975871315,0.2778507373584404,0.5,Yes,Low Risk
Madhya Pradesh,Khargone,2025-12-01,0.3013836944625249,-0.32754462132175594,0.7307666464471868,0.5,Yes,Low Risk
Nagaland,Meluri,2025-12-01,0.2996526733706281,-0.4649122807017544,0.4911438150695257,0.3333333333333333,No,Low Risk
Madhya Pradesh,West Nimar,2025-12-01,0.29765118322747997,-0.32748538011695905,0.5976870715430702,0.5,Yes,Low Risk
Arunachal Pradesh,East Kameng,2025-12-01,0.29334913488332914,-0.3229166666666667,0.5088948807091855,0.5,Yes,Low Risk
Assam,Darrang,2025-12-01,0.29300545045134446,-0.21455938697318008,0.25769337899493583,0.6666666666666666,Yes,Low Risk
Rajasthan,Alwar,2025-12-01,0.2917333593031375,-0.13179461448402743,1.3999534347562603,0.6666666666666666,Yes,Low Risk
Himachal Pradesh,Lahaul and Spiti,2025-12-01,0.2909733858603877,-0.20388349514563106,0.3380077075171973,0.6666666666666666,Yes,Low Risk
Maharashtra,Chatrapati Sambhaji Nagar,2025-12-01,0.2892651963351147,-0.18461538461538463,0.5532656000491379,0.6666666666666666,Yes,Low Risk
Assam,Marigaon,2025-12-01,0.28764638464102976,-0.20270270270270271,0.23557601687655488,0.6666666666666666,Yes,Low Risk
Bihar,Aurangabad,2025-12-01,0.284663596555754,-0.1824966078697422,0.41856149312539226,0.6666666666666666,Yes,Low Risk
Arunachal Pradesh,Kra Daadi,2025-12-01,0.28115490983169683,-0.26666666666666666,0.8786863748867394,0.5,Yes,Low Risk
Bihar,Rohtas,2025-12-01,0.2804652973381051,-0.29502308876346844,0.4469480208684604,0.5,Yes,Low Risk
Meghalaya,South Garo Hills,2025-12-01,0.2801903101512595,11.333333333333334,4.67148463453481,0.5,Yes,Low Risk
Assam,West Karbi Anglong,2025-12-01,0.27999411628355164,-0.13592233009708737,0.9194820591274196,0.6666666666666666,Yes,Low Risk
Uttar Pradesh,Kushinagar,2025-12-01,0.2795342118927659,-0.1741449639159084,0.35437844396694723,0.6666666666666666,Yes,Low Risk
Karnataka,Bengaluru South,2025-12-01,0.2782989214529636,-0.14285714285714285,2.5532196727424203,0.5,Yes,Low Risk
Bihar,Supaul,2025-12-01,0.2782771415280013,-0.1675807434491164,0.4034871458232696,0.6666666666666666,Yes,Low Risk
Bihar,Bhagalpur,2025-12-01,0.27784321751170127,-0.16681614349775784,0.3988912384606479,0.6666666666666666,Yes,Low Risk
Bihar,Nawada,2025-12-01,0.2778135289823035,-0.03574397339983375,0.48497852254783114,0.8333333333333334,Yes,Low Risk
Arunachal Pradesh,Shi-yomi,2025-12-01,0.2772373304261436,-0.1891891891891892,1.8501336821315617,0.5,Yes,Low Risk
Rajasthan,Dholpur,2025-12-01,0.2754768784120587,-0.043456543456543456,2.0845364561954227,0.6666666666666666,Yes,Low Risk
Manipur,Kakching,2025-12-01,0.2742268754162481,-0.3953488372093023,0.5772454495339616,0.3333333333333333,No,Low Risk
Nagaland,Kiphire,2025-12-01,0.27316245975507125,-0.24561403508771928,0.8940654783504358,0.5,Yes,Low Risk
Bihar,Katihar,2025-12-01,0.2718978727693757,-0.1580325960419092,0.31162895444807315,0.6666666666666666,Yes,Low Risk
Meghalaya,South West Garo Hills,2025-12-01,0.2710822404875265,-0.056818181818181816,1.7350714399021363,0.6666666666666666,Yes,Low Risk
Tamil Nadu,Kanniyakumari,2025-12-01,0.26844854565084375,-0.1237159446181331,0.680399911706386,0.6666666666666666,Yes,Low Risk
Rajasthan,Rajsamand,2025-12-01,0.2680833189876528,-0.21887351778656128,1.095616870267606,0.5,Yes,Low Risk
Chhattisgarh,Durg,2025-12-01,0.267090721421898,-0.2609678026736961,0.45583019028566946,0.5,Yes,Low Risk
Chhattisgarh,Balod,2025-12-01,0.2666292905037994,-0.14731051344743276,0.27647362331796865,0.6666666666666666,Yes,Low Risk
West Bengal,Alipurduar,2025-12-01,0.26553556202343753,-0.12080536912751678,0.6176511958168439,0.6666666666666666,Yes,Low Risk
Bihar,Purnia,2025-12-01,0.2645968799265983,-0.1310500990659496,0.43692900257757394,0.6666666666666666,Yes,Low Risk
Bihar,Kaimur,2025-12-01,0.2642009398812648,-0.13604240282685512,0.351068419336123,0.6666666666666666,Yes,Low Risk
Rajasthan,Ganganagar,2025-12-01,0.26198696212444955,-0.045146726862302484,1.5762328589026542,0.6666666666666666,Yes,Low Risk
Himachal Pradesh,Una,2025-12-01,0.2613651367522436,-0.25121555915721233,0.3903568190162042,0.5,Yes,Low Risk
Punjab,Sri Muktsar Sahib,2025-12-01,0.26114478807288,-0.1234866828087167,0.42161725689365837,0.6666666666666666,Yes,Low Risk
Punjab,Fazilka,2025-12-01,0.2608673048661652,-0.11698537682789652,0.5049724762522009,0.6666666666666666,Yes,Low Risk
Himachal Pradesh,Shimla,2025-12-01,0.26007904579667473,-0.1361573373676248,0.20151711374975004,0.6666666666666666,Yes,Low Risk
Chhattisgarh,Narayanpur,2025-12-01,0.25902492943263594,-0.11885245901639344,0.412066584740656,0.6666666666666666,Yes,Low Risk
Himachal Pradesh,Kangra,2025-12-01,0.25882052671525013,-0.12993039443155452,0.24573296007932044,0.6666666666666666,Yes,Low Risk
Haryana,Mahendragarh,2025-12-01,0.25878132503584816,-0.12130479102956167,0.3681277791784736,0.6666666666666666,Yes,Low Risk
Bihar,Araria,2025-12-01,0.25710536990188704,-0.11326860841423948,0.4233328307548758,0.6666666666666666,Yes,Low Risk
Bihar,Sitamarhi,2025-12-01,0.2568003604525897,-0.11461003295496155,0.3931353098843804,0.6666666666666666,Yes,Low Risk
Assam,Kamrup Metro,2025-12-01,0.25585973898732955,-0.11159737417943107,0.40262401106562284,0.6666666666666666,Yes,Low Risk
Jammu and Kashmir,Bandipore,2025-12-01,0.25502848716046306,-0.09926470588235294,0.5498052261817681,0.6666666666666666,Yes,Low Risk
Haryana,Bhiwani,2025-12-01,0.25443455793689046,-0.23166974738139248,0.42221088943763474,0.5,Yes,Low Risk
Haryana,Charkhi Dadri,2025-12-01,0.2535949124113278,-0.23076923076923078,0.4050076785244953,0.5,Yes,Low Risk
Bihar,Kishanganj,2025-12-01,0.2532617985459743,-0.11246730601569312,0.29691884668192203,0.6666666666666666,Yes,Low Risk
Chhattisgarh,Rajnandgaon,2025-12-01,0.25286010223878264,-0.2282051282051282,0.4154432620937131,0.5,Yes,Low Risk
Madhya Pradesh,Mandla,2025-12-01,0.25223803586538573,-0.20268456375838925,0.7594135338752728,0.5,Yes,Low Risk
Punjab,Kapurthala,2025-12-01,0.25192029446830744,-0.09816612729234088,0.4540448183075904,0.6666666666666666,Yes,Low Risk
Assam,Baksa,2025-12-01,0.2506382288941183,-0.35074626865671643,0.3710095608205015,0.3333333333333333,No,Low Risk
Bihar,Purba Champaran,2025-12-01,0.24983221675054285,-0.09887507400828893,0.36894511743521535,0.6666666666666666,Yes,Low Risk
Chhattisgarh,Mahasamund,2025-12-01,0.24969132098865177,-0.09568812758417011,0.409631064858209,0.6666666666666666,Yes,Low Risk
Delhi,Najafgarh,2025-12-01,0.24929158135544754,-0.14285714285714285,1.512379203149602,0.5,Yes,Low Risk
Arunachal Pradesh,Siang,2025-12-01,0.2492666788803274,-0.08695652173913043,0.5197169530867707,0.6666666666666666,Yes,Low Risk
Assam,Majuli,2025-12-01,0.24864739259727348,0.0,3.5396626539999656,0.5,Yes,Low Risk
Rajasthan,Dungarpur,2025-12-01,0.24723466408456213,-0.18168709444844988,0.8812549188814756,0.5,Yes,Low Risk
Punjab,Faridkot,2025-12-01,0.2471934240720458,-0.093603744149766,0.3499183183333308,0.6666666666666666,Yes,Low Risk
Punjab,Shaheed Bhagat Singh Nagar,2025-12-01,0.24656801755155192,-0.21,0.450965212468008,0.5,Yes,Low Risk
Rajasthan,Hanumangarh,2025-12-01,0.24598228983062292,-0.04135021097046414,1.0564442942901486,0.6666666666666666,Yes,Low Risk
Assam,Hojai,2025-12-01,0.24550823466137933,-0.21717171717171718,0.31000398352228253,0.5,Yes,Low Risk
Uttar Pradesh,Saharanpur,2025-12-01,0.24543996012998678,-0.2115469369766417,0.3882854336962717,0.5,Yes,Low Risk
Maharashtra,Dharashiv,2025-12-01,0.24528819764467558,-0.19230769230769232,0.6589766869949721,0.5,Yes,Low Risk
Gujarat,Tapi,2025-12-01,0.24525534120320194,-0.07679180887372014,0.521674223663749,0.6666666666666666,Yes,Low Risk
Rajasthan,Tonk,2025-12-01,0.24411604962188843,-0.18216904670011577,0.762435534084402,0.5,Yes,Low Risk
Madhya Pradesh,Shahdol,2025-12-01,0.24346118223032343,-0.05212211466865227,0.8113751457179639,0.6666666666666666,Yes,Low Risk
Uttar Pradesh,Rampur,2025-12-01,0.24343519144289438,-0.08312236286919832,0.3655025707857875,0.6666666666666666,Yes,Low Risk
Bihar,Madhubani,2025-12-01,0.24265243829774313,-0.07823325635103925,0.4075881537596658,0.6666666666666666,Yes,Low Risk
Meghalaya,South West Khasi Hills,2025-12-01,0.24203662961920086,-0.3130434782608696,0.6035073828545977,0.3333333333333333,No,Low Risk
Bihar,Patna,2025-12-01,0.2418838167177959,-0.07650964274423017,0.40474715808163064,0.6666666666666666,Yes,Low Risk
Rajasthan,Dausa,2025-12-01,0.24169782983421534,-0.15439047925377936,1.074364922452512,0.5,Yes,Low Risk
Bihar,Bhojpur,2025-12-01,0.24134392126395998,-0.06884798909338787,0.49534073291421216,0.6666666666666666,Yes,Low Risk
Mizoram,Mamit,2025-12-01,0.24116442342473593,-0.16666666666666666,0.8790277413344407,0.5,Yes,Low Risk
Rajasthan,Bharatpur,2025-12-01,0.24059013805466536,-0.14573931510485796,1.1587870811851548,0.5,Yes,Low Risk
Himachal Pradesh,Chamba,2025-12-01,0.24019661502291106,-0.2096128170894526,0.22790390036043923,0.5,Yes,Low Risk
Chhattisgarh,Dhamtari,2025-12-01,0.24006175574000632,-0.20136518771331058,0.3414413554575699,0.5,Yes,Low Risk
Madhya Pradesh,Harda,2025-12-01,0.23999183580480815,-0.18356164383561643,0.5944629722335651,0.5,Yes,Low Risk
Chhattisgarh,Mohalla-Manpur-Ambagarh Chowki,2025-12-01,0.23981276879952584,-0.20454545454545456,0.2868615198735604,0.5,Yes,Low Risk
Rajasthan,Jaipur,2025-12-01,0.2397363803576653,-0.1609528049866429,0.9097965870872996,0.5,Yes,Low Risk
Arunachal Pradesh,Tirap,2025-12-01,0.2394634113659295,-0.07692307692307693,0.3119643160859,0.6666666666666666,Yes,Low Risk
Gujarat,Patan,2025-12-01,0.23826553656117455,-0.07297297297297298,0.32567721235680575,0.6666666666666666,Yes,Low Risk
West Bengal,Paschim Bardhaman,2025-12-01,0.2382311935516808,-0.08287292817679558,0.18235296444334173,0.6666666666666666,Yes,Low Risk
Bihar,Gaya,2025-12-01,0.23773429245324462,-0.0664819944598338,0.3997787630505532,0.6666666666666666,Yes,Low Risk
Jammu and Kashmir,Baramula,2025-12-01,0.23770992639432673,-0.18974358974358974,0.42385541433691787,0.5,Yes,Low Risk
Telangana,Suryapet,2025-12-01,0.23746455196007127,-0.19642857142857142,0.3191027751205084,0.5,Yes,Low Risk
Madhya Pradesh,Dindori,2025-12-01,0.23689284015217918,-0.03692762186115214,0.79377342698911,0.6666666666666666,Yes,Low Risk
Madhya Pradesh,Umaria,2025-12-01,0.2366690286296005,-0.18317503392130258,0.48078303909876413,0.5,Yes,Low Risk
Uttarakhand,Rudraprayag,2025-12-01,0.23645326950200718,-0.18383311603650587,0.46359586408945036,0.5,Yes,Low Risk
Uttar Pradesh,Gorakhpur,2025-12-01,0.23618682699497962,-0.06867079280872385,0.3128372983625776,0.6666666666666666,Yes,Low Risk
Assam,Chirang,2025-12-01,0.23573826938192444,-0.3212025316455696,0.2604046586434457,0.3333333333333333,No,Low Risk
Telangana,Wanaparthy,2025-12-01,0.23564452975194122,-0.04487179487179487,0.634960565331886,0.6666666666666666,Yes,Low Risk
Chhattisgarh,Gaurela-pendra-marwahi,2025-12-01,0.2352064643953408,-0.18181818181818182,0.4477779648966507,0.5,Yes,Low Risk
Madhya Pradesh,Morena,2025-12-01,0.23514250485794896,-0.1558572146807441,0.8180952149278511,0.5,Yes,Low Risk
Madhya Pradesh,East Nimar,2025-12-01,0.23496506945152282,-0.1784037558685446,0.48812276910513874,0.5,Yes,Low Risk
Punjab,Tarn Taran,2025-12-01,0.23464729770493054,-0.18156934306569342,0.43128549294224783,0.5,Yes,Low Risk
Himachal Pradesh,Bilaspur,2025-12-01,0.2344334252555919,-0.19023136246786632,0.29928720476406534,0.5,Yes,Low Risk
Haryana,Mewat,2025-12-01,0.23433366958230056,-0.18236472945891782,0.4086158865930406,0.5,Yes,Low Risk
Chhattisgarh,Gariyaband,2025-12-01,0.23416644099038647,-0.04142011834319527,0.6314650103181693,0.6666666666666666,Yes,Low Risk
Himachal Pradesh,Mandi,2025-12-01,0.2340949270927388,-0.06841505131128849,0.24144641489950394,0.6666666666666666,Yes,Low Risk
Himachal Pradesh,Kinnaur,2025-12-01,0.233664163478526,-0.0684931506849315,0.22486882466271674,0.6666666666666666,Yes,Low Risk
Nagaland,Peren,2025-12-01,0.2335019976686397,-0.14084507042253522,0.974696703487695,0.5,Yes,Low Risk
Gujarat,Arvalli,2025-12-01,0.23336841860651314,-0.17348927875243664,0.5013682390843197,0.5,Yes,Low Risk
Chhattisgarh,Jashpur,2025-12-01,0.2329734865980933,-0.18079730488489612,0.3823067551256792,0.5,Yes,Low Risk
Delhi,Central Delhi,2025-12-01,0.23248317792956913,-0.053237410071942444,0.4014551410524754,0.6666666666666666,Yes,Low Risk
Uttar Pradesh,Hapur,2025-12-01,0.2323175695225868,-0.17492012779552715,0.44312503290698196,0.5,Yes,Low Risk
Maharashtra,Washim,2025-12-01,0.23223624985033597,-0.051218844152287044,0.4215669231042375,0.6666666666666666,Yes,Low Risk
Arunachal Pradesh,Lower Subansiri,2025-12-01,0.23211955914546867,-0.2909090909090909,0.565353528175266,0.3333333333333333,No,Low Risk
Chhattisgarh,Mungeli,2025-12-01,0.23159620689586802,-0.16019417475728157,0.6285995961376781,0.5,Yes,Low Risk
Gujarat,Mahisagar,2025-12-01,0.2308665628207005,-0.16696588868940754,0.5052255593102088,0.5,Yes,Low Risk
Haryana,Karnal,2025-12-01,0.23045640121686706,-0.1712989222915485,0.4283170430336844,0.5,Yes,Low Risk
Jammu and Kashmir,Kulgam,2025-12-01,0.23040290099685606,-0.035422343324250684,0.5825065762621283,0.6666666666666666,Yes,Low Risk
Chhattisgarh,Kabeerdham,2025-12-01,0.22937749604016633,-0.04519119351100811,0.4055027970224724,0.6666666666666666,Yes,Low Risk
Assam,Kamrup,2025-12-01,0.22876056194794125,-0.18194254445964433,0.21470134444031144,0.5,Yes,Low Risk
Madhya Pradesh,Narsinghpur,2025-12-01,0.22811500457113815,-0.16136195410806808,0.4869263144184508,0.5,Yes,Low Risk
Madhya Pradesh,Panna,2025-12-01,0.22804129809953505,-0.007936507936507936,0.8922659690918653,0.6666666666666666,Yes,Low Risk
West Bengal,Purulia,2025-12-01,0.2272735291783958,-0.0502017032720753,0.25809354215519936,0.6666666666666666,Yes,Low Risk
Tamil Nadu,Erode,2025-12-01,0.22724765793477175,-0.03207207207207207,0.51737597474142,0.6666666666666666,Yes,Low Risk
Assam,Kokrajhar,2025-12-01,0.2272193708840952,-0.17889908256880735,0.20308253664772813,0.5,Yes,Low Risk
Madhya Pradesh,Chhatarpur,2025-12-01,0.22707267334551431,-0.14121435142594296,0.7386996775683138,0.5,Yes,Low Risk
Telangana,Hyderabad,2025-12-01,0.22699544268110686,-0.01958252636109318,0.6875857902386455,0.6666666666666666,Yes,Low Risk
Uttar Pradesh,Sant Kabir Nagar,2025-12-01,0.22663906031098838,-0.047337278106508875,0.27644003577002985,0.6666666666666666,Yes,Low Risk
Madhya Pradesh,Shajapur,2025-12-01,0.2265515777167009,-0.14521242866201647,0.6626181876170463,0.5,Yes,Low Risk
Punjab,Rupnagar,2025-12-01,0.2264221873383312,-0.15295629820051415,0.5468292923354374,0.5,Yes,Low Risk
Haryana,Yamuna Nagar,2025-12-01,0.2257345542642409,-0.16388729154686602,0.36526543942333245,0.5,Yes,Low Risk
Rajasthan,Nagaur,2025-12-01,0.22563958408467533,-0.13333333333333333,0.8003921913843494,0.5,Yes,Low Risk
Madhya Pradesh,Rajgarh,2025-12-01,0.22544154139064446,-0.13851699279093718,0.7188860670609531,0.5,Yes,Low Risk
Gujarat,Banas Kantha,2025-12-01,0.22537417935861748,-0.034861690034103825,0.41011308133751234,0.6666666666666666,Yes,Low Risk
Jammu and Kashmir,Jammu,2025-12-01,0.22530477008198518,-0.047619047619047616,0.22451889759725144,0.6666666666666666,Yes,Low Risk
Jharkhand,Khunti,2025-12-01,0.22516924061991433,-0.1581569115815691,0.42722779876202194,0.5,Yes,Low Risk
Assam,North Cachar Hills,2025-12-01,0.22508558976048632,0.23448275862068965,2.6942187819782424,0.5,Yes,Low Risk
Chhattisgarh,Bemetara,2025-12-01,0.22373268186410217,-0.16215213358070502,0.31833867014622824,0.5,Yes,Low Risk
Uttar Pradesh,Firozabad,2025-12-01,0.22286939970496927,-0.010466222645099905,0.6703796151504352,0.6666666666666666,Yes,Low Risk
Rajasthan,Jodhpur,2025-12-01,0.2225992816713081,-0.147483989021043,0.488198801517982,0.5,Yes,Low Risk
Uttar Pradesh,Ballia,2025-12-01,0.22256314474198935,-0.15001704739174906,0.45054568887688273,0.5,Yes,Low Risk
Kerala,Thrissur,2025-12-01,0.22233257016123573,0.3286038592508513,0.8013365836264895,0.6666666666666666,Yes,Low Risk
Chhattisgarh,Korba,2025-12-01,0.2219684898014191,-0.016241299303944315,0.5551647462087412,0.6666666666666666,Yes,Low Risk
Andaman and Nicobar Islands,South Andaman,2025-12-01,0.22180020396300565,-0.11848341232227488,0.8757654344080961,0.5,Yes,Low Risk
Punjab,Moga,2025-12-01,0.2217442357291396,-0.15679824561403508,0.3238325243479658,0.5,Yes,Low Risk
Tamil Nadu,Perambalur,2025-12-01,0.221345973584731,-0.13474025974025974,0.6261356780727166,0.5,Yes,Low Risk
Rajasthan,Bhilwara,2025-12-01,0.22131827728116707,-0.13951734539969834,0.5565773849218634,0.5,Yes,Low Risk
Assam,Hailakandi,2025-12-01,0.22126211340281446,-0.018604651162790697,0.4958978834049353,0.6666666666666666,Yes,Low Risk
Chhattisgarh,Kondagaon,2025-12-01,0.22098704245963582,-0.033442088091353996,0.2730692174172277,0.6666666666666666,Yes,Low Risk
Bihar,Jehanabad,2025-12-01,0.22078649903453612,-0.031096563011456628,0.2995381475192356,0.6666666666666666,Yes,Low Risk
Rajasthan,Chittorgarh,2025-12-01,0.22071770115747444,-0.12397540983606557,0.7580976294500144,0.5,Yes,Low Risk
Haryana,Kurukshetra,2025-12-01,0.220565549263726,-0.14661354581673305,0.4277177652414786,0.5,Yes,Low Risk
Assam,Cachar,2025-12-01,0.22044443165314215,-0.1528709917971663,0.33356003459177047,0.5,Yes,Low Risk
Maharashtra,Latur,2025-12-01,0.22021165219290537,-0.015489321755456465,0.5029189280650436,0.6666666666666666,Yes,Low Risk
Assam,Udalguri,2025-12-01,0.22009066288215948,-0.15538847117794485,0.2847332680800049,0.5,Yes,Low Risk
Assam,Bongaigaon,2025-12-01,0.2195544121039752,-0.28174603174603174,0.2460067561115269,0.3333333333333333,No,Low Risk
Andhra Pradesh,Annamayya,2025-12-01,0.2190830026055724,-0.1056338028169014,0.9626946147926753,0.5,Yes,Low Risk
Rajasthan,Jaisalmer,2025-12-01,0.21881606723572722,-0.1003584229390681,1.0288328544788954,0.5,Yes,Low Risk
Jharkhand,Ramgarh,2025-12-01,0.21833999764287404,-0.14873417721518986,0.317423619841163,0.5,Yes,Low Risk
Uttar Pradesh,Meerut,2025-12-01,0.21780730162543788,-0.15094890510948905,0.2665219192169826,0.5,Yes,Low Risk
Assam,Jorhat,2025-12-01,0.2172592894239139,-0.14206128133704735,0.3744203377776073,0.5,Yes,Low Risk
Madhya Pradesh,Dewas,2025-12-01,0.21698226597020626,-0.13317865429234338,0.49197064913544647,0.5,Yes,Low Risk
Gujarat,Surendra Nagar,2025-12-01,0.2167602005524516,-0.14581791265729088,0.3025939155232094,0.5,Yes,Low Risk
Uttar Pradesh,Jalaun,2025-12-01,0.21616921768281666,-0.1353021978021978,0.43231810722604613,0.5,Yes,Low Risk
Uttar Pradesh,Balrampur,2025-12-01,0.21576038631480499,-0.13845521774856204,0.37239380765684477,0.5,Yes,Low Risk
Bihar,Begusarai,2025-12-01,0.21477729965639997,-0.015611061552185548,0.30617635498795676,0.6666666666666666,Yes,Low Risk
Sikkim,East Sikkim,2025-12-01,0.21470311782957527,0.014354066985645933,0.5275768138259654,0.6666666666666666,Yes,Low Risk
Chhattisgarh,Janjgir - Champa,2025-12-01,0.2143882634310496,-0.13260805645398413,0.40708240071652146,0.5,Yes,Low Risk
Rajasthan,Sikar,2025-12-01,0.21425215601318998,-0.07278983589200635,1.2607568058845675,0.5,Yes,Low Risk
Uttar Pradesh,Ghaziabad,2025-12-01,0.21413400960907253,-0.13491158014831717,0.3648972869887618,0.5,Yes,Low Risk
Nagaland,Tuensang,2025-12-01,0.21395743482369856,0.30357142857142855,0.5008202395452865,0.6666666666666666,Yes,Low Risk
Punjab,S.A.S Nagar,2025-12-01,0.21353901415972842,-0.13568376068376067,0.33246473577287,0.5,Yes,Low Risk
Bihar,Sheohar,2025-12-01,0.21329585732154385,-0.12839059674502712,0.4284170217986112,0.5,Yes,Low Risk
Arunachal Pradesh,Upper Siang,2025-12-01,0.21291897891590794,0.041666666666666664,0.46355839716047653,0.6666666666666666,Yes,Low Risk
Bihar,Arwal,2025-12-01,0.21135906160917728,0.00980392156862745,0.40758549317806253,0.6666666666666666,Yes,Low Risk
Andhra Pradesh,Eluru,2025-12-01,0.21115058447303753,-0.11811023622047244,0.4989922384319923,0.5,Yes,Low Risk
Bihar,Siwan,2025-12-01,0.21110667114483017,-0.1251646903820817,0.396165460380587,0.5,Yes,Low Risk
West Bengal,Uttar Dinajpur,2025-12-01,0.21107030572311197,-0.006514657980456026,0.3037208619996358,0.6666666666666666,Yes,Low Risk
Uttar Pradesh,Chandauli,2025-12-01,0.21080431802153604,-0.1108610016882386,0.5906142391038156,0.5,Yes,Low Risk
Uttar Pradesh,Faizabad,2025-12-01,0.21056185787276144,-0.12346993081426291,0.40094101151213024,0.5,Yes,Low Risk
Assam,Nalbari,2025-12-01,0.21049945570763243,0.0,0.37674114112024254,0.6666666666666666,Yes,Low Risk
Rajasthan,Jhunjhunu,2025-12-01,0.21048898464672813,-0.08378932968536251,0.9678534118564471,0.5,Yes,Low Risk
Bihar,Gopalganj,2025-12-01,0.21039733059072363,0.03986710963455149,0.37307669087133133,0.6666666666666666,Yes,Low Risk
Jharkhand,Kodarma,2025-12-01,0.21017756918082836,0.5084745762711864,0.36519121883891514,0.6666666666666666,Yes,Low Risk
Chhattisgarh,Sakti,2025-12-01,0.21017636637542914,-0.2463768115942029,0.4171509130087957,0.3333333333333333,No,Low Risk
Bihar,Saharsa,2025-12-01,0.21015374128555353,-0.1209887250650477,0.42190920371951707,0.5,Yes,Low Risk
Assam,Tinsukia,2025-12-01,0.20886680141988526,0.2874617737003058,0.31815829106130145,0.6666666666666666,Yes,Low Risk
Chhattisgarh,Sarangarh-Bilaigarh,2025-12-01,0.20815039978289956,-0.1111111111111111,0.4917966605258454,0.5,Yes,Low Risk
Uttar Pradesh,Mau,2025-12-01,0.20804509922961795,-0.11909758656873033,0.3733900843951328,0.5,Yes,Low Risk
Assam,Goalpara,2025-12-01,0.2079115881210583,0.06357214934409687,0.28388335736624337,0.6666666666666666,Yes,Low Risk
Uttar Pradesh,Barabanki,2025-12-01,0.20705963552712478,-0.11511375947995667,0.39520873023253056,0.5,Yes,Low Risk
Chhattisgarh,Kanker,2025-12-01,0.20671908470993905,-0.12261380323054331,0.27534256241011545,0.5,Yes,Low Risk
Rajasthan,Sawai Madhopur,2025-12-01,0.20668345246503933,-0.10680054769511639,0.5010283034119424,0.5,Yes,Low Risk
Bihar,Sheikhpura,2025-12-01,0.20656666748681546,-0.10968494749124855,0.4554386511911585,0.5,Yes,Low Risk
Uttarakhand,Bageshwar,2025-12-01,0.20640318558788068,-0.12142857142857143,0.2810188601690822,0.5,Yes,Low Risk
Chhattisgarh,Koriya,2025-12-01,0.20613525566937435,-0.10681658468025299,0.48112774770622263,0.5,Yes,Low Risk
Uttar Pradesh,Gautam Buddha Nagar,2025-12-01,0.2060169976932541,-0.11471321695760599,0.36354573380778465,0.5,Yes,Low Risk
Uttar Pradesh,Mirzapur,2025-12-01,0.2059995881103781,-0.10561201944321696,0.4935485974554009,0.5,Yes,Low Risk
Madhya Pradesh,Khandwa,2025-12-01,0.20565605934546105,-0.10477453580901856,0.49324233368468295,0.5,Yes,Low Risk
Jammu and Kashmir,Udhampur,2025-12-01,0.20557673804986598,0.410752688172043,0.20010434018097722,0.6666666666666666,Yes,Low Risk
Punjab,Muktsar,2025-12-01,0.20547692868650103,-0.1111111111111111,0.3958672543112932,0.5,Yes,Low Risk
Uttarakhand,Udham Singh Nagar,2025-12-01,0.20485015506619467,-0.11430823807646827,0.32748969899569913,0.5,Yes,Low Risk
Uttarakhand,Uttarkashi,2025-12-01,0.20466645698421693,-0.11705202312138728,0.2815172865210615,0.5,Yes,Low Risk
Uttar Pradesh,Ghazipur,2025-12-01,0.2039573989105759,-0.11026478055857816,0.35349073700532424,0.5,Yes,Low Risk
Rajasthan,Bundi,2025-12-01,0.2035487947687549,-0.07583965330444203,0.8329257514944801,0.5,Yes,Low Risk
Rajasthan,Churu,2025-12-01,0.2030985805892599,-0.10095121202822951,0.45635031469156656,0.5,Yes,Low Risk
Punjab,Firozpur,2025-12-01,0.2022627870389445,-0.10734463276836158,0.3345969875093635,0.5,Yes,Low Risk
Chhattisgarh,Bilaspur,2025-12-01,0.20222114778103495,-0.1059220028887819,0.3535215932872761,0.5,Yes,Low Risk
Madhya Pradesh,Barwani,2025-12-01,0.20217342912256356,-0.09599491417673237,0.4942907484761595,0.5,Yes,Low Risk
Uttar Pradesh,Ayodhya,2025-12-01,0.20183816392132375,-0.22842639593908629,0.37559829460614835,0.3333333333333333,No,Low Risk
Madhya Pradesh,Damoh,2025-12-01,0.20136875966010198,-0.08971141781681305,0.5556033119039955,0.5,Yes,Low Risk
Madhya Pradesh,Shivpuri,2025-12-01,0.20035640956760026,-0.07996192289386006,0.659210626252174,0.5,Yes,Low Risk
Haryana,Sirsa,2025-12-01,0.20012500133365385,-0.10662824207492795,0.26817123111116153,0.5,Yes,Low Risk
Madhya Pradesh,Mandsaur,2025-12-01,0.20003616127129423,-0.08272727272727273,0.6080290084340111,0.5,Yes,Low Risk
Uttar Pradesh,Jhansi,2025-12-01,0.19983019877686292,-0.09057071960297766,0.488063342521251,0.5,Yes,Low Risk
Haryana,Palwal,2025-12-01,0.19969590284969807,-0.09764035801464606,0.3817755225684094,0.5,Yes,Low Risk
Chhattisgarh,Kawardha,2025-12-01,0.1995629646285742,-0.09283276450511946,0.44600780542032814,0.5,Yes,Low Risk
Chhattisgarh,Surguja,2025-12-01,0.19942253558685852,-0.08842010771992818,0.5043028600089812,0.5,Yes,Low Risk
Uttar Pradesh,Lucknow,2025-12-01,0.19925967034598085,-0.09982174688057041,0.33481363071378134,0.5,Yes,Low Risk
West Bengal,Purab Medinipur,2025-12-01,0.1991467318436204,-0.1094287680660702,0.1928736414961541,0.5,Yes,Low Risk
Assam,Nagaon,2025-12-01,0.19868413638493604,-0.11023027557568894,0.16477093877382396,0.5,Yes,Low Risk
Uttar Pradesh,Budaun,2025-12-01,0.19864912364253964,-0.09209486166007905,0.42380835447535037,0.5,Yes,Low Risk
Uttar Pradesh,Moradabad,2025-12-01,0.19832156259770545,-0.09966676764616783,0.3033768618637959,0.5,Yes,Low Risk
Madhya Pradesh,Indore,2025-12-01,0.1981064963259547,-0.0874765478424015,0.47062349483341165,0.5,Yes,Low Risk
Gujarat,Panch Mahals,2025-12-01,0.1975210651225866,-0.08477937530986614,0.48832901487696934,0.5,Yes,Low Risk
Tamil Nadu,Tirunelveli,2025-12-01,0.19745164623486108,-0.05497152869031975,0.9136638163458362,0.5,Yes,Low Risk
Madhya Pradesh,Jhabua,2025-12-01,0.19672646333895716,-0.06501283147989735,0.7435221413886425,0.5,Yes,Low Risk
Chhattisgarh,Bastar,2025-12-01,0.19672592470114897,-0.08383233532934131,0.4733904747363158,0.5,Yes,Low Risk
West Bengal,South 24 Parganas,2025-12-01,0.1966605409904952,-0.10047439484247658,0.23218443502235117,0.5,Yes,Low Risk
Rajasthan,Udaipur,2025-12-01,0.19607386622541606,-0.06379821958456973,0.7375387385903421,0.5,Yes,Low Risk
Uttar Pradesh,Fatehpur,2025-12-01,0.1960334954399002,-0.08329679964927664,0.4562311794587832,0.5,Yes,Low Risk
Rajasthan,Pratapgarh,2025-12-01,0.19582843637140657,-0.19176536943034406,0.6861453610859296,0.3333333333333333,No,Low Risk
Madhya Pradesh,Seoni,2025-12-01,0.1955435475532107,-0.07371225577264653,0.5762158060945082,0.5,Yes,Low Risk
Bihar,Saran,2025-12-01,0.19505690969931802,-0.08097784568372804,0.45447281392552713,0.5,Yes,Low Risk
Madhya Pradesh,Sagar,2025-12-01,0.1950032534388294,-0.07873407950598224,0.48475182077428697,0.5,Yes,Low Risk
Chhattisgarh,Sukma,2025-12-01,0.19474285651798856,-0.07988980716253444,0.4588203531682718,0.5,Yes,Low Risk
Kerala,Wayanad,2025-12-01,0.1941165747429477,0.23780487804878048,1.5829895542958947,0.5,Yes,Low Risk
Uttar Pradesh,Shrawasti,2025-12-01,0.1940227904423934,-0.08942307692307692,0.2961539698968326,0.5,Yes,Low Risk
West Bengal,Cooch Behar,2025-12-01,0.19382142916842882,-0.0908311910882605,0.2687183676028036,0.5,Yes,Low Risk
Telangana,Bhadradri Kothagudem,2025-12-01,0.19338576428277313,-0.06518010291595197,0.621250471028504,0.5,Yes,Low Risk
Arunachal Pradesh,Dibang Valley,2025-12-01,0.1932910889788415,0.6363636363636364,1.5533694999418586,0.5,Yes,Low Risk
Madhya Pradesh,Jabalpur,2025-12-01,0.19310945866368612,-0.06926278240190249,0.5527382504325402,0.5,Yes,Low Risk
Andhra Pradesh,Hyderabad,2025-12-01,0.19213886850837839,-0.06192660550458716,0.6232061527918287,0.5,Yes,Low Risk
Tamil Nadu,Vellore,2025-12-01,0.19204974773726255,-0.034051935325820674,1.0200875412777746,0.5,Yes,Low Risk
Jharkhand,Lohardaga,2025-12-01,0.19137483146351975,-0.0734094616639478,0.4309800053173565,0.5,Yes,Low Risk
Haryana,Panipat,2025-12-01,0.19129944895656917,-0.07692307692307693,0.3778449594543378,0.5,Yes,Low Risk
Uttar Pradesh,Jaunpur,2025-12-01,0.19096066486483187,-0.07440925087983911,0.4017691302421427,0.5,Yes,Low Risk
Jharkhand,Pakur,2025-12-01,0.19080763888732183,0.05108055009823183,1.464258421477652,0.5,Yes,Low Risk
Nagaland,Tseminyu,2025-12-01,0.190492937454495,2.0,1.4529663145135578,0.5,Yes,Low Risk
Punjab,Sangrur,2025-12-01,0.19045859615955923,-0.07697201017811704,0.3469711770961689,0.5,Yes,Low Risk
Uttarakhand,Nainital,2025-12-01,0.1902609194572646,-0.08044752264251465,0.28999485605826825,0.5,Yes,Low Risk
Madhya Pradesh,Satna,2025-12-01,0.18977838259111085,-0.06442376521116679,0.5026660684028699,0.5,Yes,Low Risk
Uttar Pradesh,Kasganj,2025-12-01,0.1887502358835152,-0.07383343177790903,0.3307191959080958,0.5,Yes,Low Risk
Delhi,South Delhi,2025-12-01,0.18856455427222812,-0.0708256880733945,0.3672260803339654,0.5,Yes,Low Risk
Telangana,Mulugu,2025-12-01,0.18838848977138692,-0.021739130434782608,1.065437469433625,0.5,Yes,Low Risk
Haryana,Jind,2025-12-01,0.18826613852214313,-0.19439679817038308,0.3770268888414211,0.3333333333333333,No,Low Risk
Haryana,Rohtak,2025-12-01,0.18811232035280812,-0.06254886630179828,0.469794500903957,0.5,Yes,Low Risk
Uttar Pradesh,Sultanpur,2025-12-01,0.18783501914964668,-0.07448275862068965,0.2885597675244076,0.5,Yes,Low Risk
Chhattisgarh,Raipur,2025-12-01,0.18777851409301163,-0.06576879910213243,0.4116018639469752,0.5,Yes,Low Risk
Uttar Pradesh,Lakshmipur Kheri,2025-12-01,0.18766151387647506,-0.07386102162908421,0.29125771565251907,0.5,Yes,Low Risk
Chhattisgarh,Baloda Bazar,2025-12-01,0.18732891344513758,-0.0741849634065203,0.27467388989594116,0.5,Yes,Low Risk
Uttar Pradesh,Basti,2025-12-01,0.18676869292438994,-0.06405353728489484,0.39998628071566295,0.5,Yes,Low Risk
Tamil Nadu,Ranipet,2025-12-01,0.18674354515614985,0.4666666666666667,1.3184307374017685,0.5,Yes,Low Risk
Uttar Pradesh,Gonda,2025-12-01,0.1864686920473512,-0.06638115631691649,0.35581383732868604,0.5,Yes,Low Risk
Haryana,Panchkula,2025-12-01,0.18636459729608035,-0.07279029462738301,0.260089712608502,0.5,Yes,Low Risk
Uttar Pradesh,Muzaffarnagar,2025-12-01,0.18606337786655122,-0.06635700066357,0.3416170675365206,0.5,Yes,Low Risk
Madhya Pradesh,Datia,2025-12-01,0.18553754360193705,-0.027586206896551724,0.8792180623552852,0.5,Yes,Low Risk
Punjab,Amritsar,2025-12-01,0.18466372698356676,-0.052093023255813956,0.49612267473669,0.5,Yes,Low Risk
Punjab,Pathankot,2025-12-01,0.18421247147350797,-0.045563549160671464,0.573646892703491,0.5,Yes,Low Risk
Karnataka,Bijapur,2025-12-01,0.18358452031214273,0.15851063829787235,1.2050787068109554,0.5,Yes,Low Risk
Uttar Pradesh,Mahrajganj,2025-12-01,0.18350050080866362,-0.05503772747447847,0.4121191156842619,0.5,Yes,Low Risk
Manipur,Bishnupur,2025-12-01,0.1834291101936028,0.08254716981132075,1.1995022858010742,0.5,Yes,Low Risk
Uttar Pradesh,Shahjahanpur,2025-12-01,0.183272137376444,-0.06463620981387479,0.2661600089891213,0.5,Yes,Low Risk
Tripura,Unakoti,2025-12-01,0.18295909923875187,-0.05434782608695652,0.40259456949450484,0.5,Yes,Low Risk
Chhattisgarh,Raigarh,2025-12-01,0.1828788660194277,-0.05735364112327463,0.3565738192032079,0.5,Yes,Low Risk
Rajasthan,Barmer,2025-12-01,0.18224450911359108,-0.16381945693220643,0.5998290514064619,0.3333333333333333,No,Low Risk
Madhya Pradesh,Sheopur,2025-12-01,0.18203616952665358,-0.03756476683937824,0.6103617171260771,0.5,Yes,Low Risk
Andhra Pradesh,Ananthapur,2025-12-01,0.18173373554645533,-0.0493046776232617,0.43100934597482116,0.5,Yes,Low Risk
Tamil Nadu,Ramanathapuram,2025-12-01,0.18121469826351178,0.059961315280464215,1.120044826225687,0.5,Yes,Low Risk
Madhya Pradesh,Bhopal,2025-12-01,0.18120516737263948,-0.043142305215711524,0.5004905008539066,0.5,Yes,Low Risk
Haryana,Sonipat,2025-12-01,0.18106997805340716,-0.04690990320178704,0.441564108720297,0.5,Yes,Low Risk
Rajasthan,Banswara,2025-12-01,0.18075438524677107,-0.17188540972684876,0.4305915671495589,0.3333333333333333,No,Low Risk
Andhra Pradesh,Anakapalli,2025-12-01,0.1807432809815277,0.04597701149425287,1.1031294460665624,0.5,Yes,Low Risk
Andhra Pradesh,Cuddapah,2025-12-01,0.18061156240430526,-0.03912087912087912,0.5369094600706505,0.5,Yes,Low Risk
Uttar Pradesh,Kannauj,2025-12-01,0.17997633701076177,-0.045038705137227304,0.4291790232109659,0.5,Yes,Low Risk
West Bengal,Malda,2025-12-01,0.17989688359513994,-0.06104380242311277,0.19661031826541386,0.5,Yes,Low Risk
Assam,Sibsagar,2025-12-01,0.17983870927353693,-0.05982905982905983,0.21195785137597228,0.5,Yes,Low Risk
Uttar Pradesh,Mahoba,2025-12-01,0.1797646680431565,-0.044147843942505136,0.4343702653433342,0.5,Yes,Low Risk
Haryana,Kaithal,2025-12-01,0.17950159877922073,-0.042687747035573126,0.4458872828558473,0.5,Yes,Low Risk
Madhya Pradesh,Rewa,2025-12-01,0.17947994638046377,-0.027338744126441692,0.6654113289762994,0.5,Yes,Low Risk
Karnataka,Chikkamagaluru,2025-12-01,0.17929462014968217,0.3790322580645161,1.0511486434341994,0.5,Yes,Low Risk
Haryana,Faridabad,2025-12-01,0.1792468324168922,-0.050750220653133275,0.3210267938038012,0.5,Yes,Low Risk
Punjab,Malerkotla,2025-12-01,0.1792354055287319,-0.06422018348623854,0.12728526062672582,0.5,Yes,Low Risk
Karnataka,Chitradurga,2025-12-01,0.17922484022828583,0.13503649635036497,1.048644802478422,0.5,Yes,Low Risk
Uttar Pradesh,Farrukhabad,2025-12-01,0.17914121647904632,-0.04223744292237443,0.4394191756781739,0.5,Yes,Low Risk
Maharashtra,Bid,2025-12-01,0.17863959366782184,0.1056338028169014,1.0276450037111755,0.5,Yes,Low Risk
Arunachal Pradesh,Tawang,2025-12-01,0.17842223586147948,0.5833333333333334,1.0198457777062238,0.5,Yes,Low Risk
Nagaland,Longleng,2025-12-01,0.17824166877481765,0.9333333333333333,1.0133666751534802,0.5,Yes,Low Risk
Madhya Pradesh,Guna,2025-12-01,0.17821012526438096,0.17179294823705926,1.012234831899146,0.5,Yes,Low Risk
Madhya Pradesh,Chhindwara,2025-12-01,0.17812975901191297,-0.03589108910891089,0.4942139580661971,0.5,Yes,Low Risk
Tamil Nadu,Pudukkottai,2025-12-01,0.17805326778771474,0.033139111434814274,1.0066064768302725,0.5,Yes,Low Risk
Karnataka,Kodagu,2025-12-01,0.178012346495765,0.09865470852017937,1.005138140313166,0.5,Yes,Low Risk
Uttarakhand,Champawat,2025-12-01,0.17758386747420662,-0.039383561643835614,0.4244995789135014,0.5,Yes,Low Risk
Meghalaya,West Jaintia Hills,2025-12-01,0.17706781839726995,-0.030303030303030304,0.5363136586426682,0.5,Yes,Low Risk
Karnataka,Bellary,2025-12-01,0.17702953020613435,0.14489928525016244,0.9698727569659269,0.5,Yes,Low Risk
Andhra Pradesh,Karim Nagar,2025-12-01,0.17669971844661292,-0.03773584905660377,0.41642383977079417,0.5,Yes,Low Risk
Uttar Pradesh,Kanpur Nagar,2025-12-01,0.1766857512353699,-0.04209621993127148,0.3533391922273614,0.5,Yes,Low Risk
Tamil Nadu,Thiruvallur,2025-12-01,0.17660543637577739,-0.01961349870204788,0.6731470567685389,0.5,Yes,Low Risk
West Bengal,Hooghly,2025-12-01,0.17640028298091734,-0.049754500818330605,0.23317835120558014,0.5,Yes,Low Risk
Karnataka,Kalaburagi,2025-12-01,0.17619767885266552,0.07651245551601424,0.9400242927335902,0.5,Yes,Low Risk
Jharkhand,Godda,2025-12-01,0.17601871365957056,-0.04616530156366344,0.2710019068909616,0.5,Yes,Low Risk
Andhra Pradesh,Medak,2025-12-01,0.1759579921389119,-0.03195488721804511,0.472782156320492,0.5,Yes,Low Risk
Nagaland,Phek,2025-12-01,0.17573381478258882,0.3137254901960784,0.9233799366877485,0.5,Yes,Low Risk
Delhi,South West Delhi,2025-12-01,0.17564453643645106,-0.03374870197300104,0.4357885066544852,0.5,Yes,Low Risk
Nagaland,Mon,2025-12-01,0.17555808899869477,-0.03773584905660377,0.37545992764795,0.5,Yes,Low Risk
Tamil Nadu,Tiruchirappalli,2025-12-01,0.17555644542244297,0.0023330417031204435,0.9170155748577793,0.5,Yes,Low Risk
Rajasthan,Pali,2025-12-01,0.17543237123422545,-0.13618126032570216,0.7520812954835834,0.3333333333333333,No,Low Risk
Karnataka,Yadgir,2025-12-01,0.17535922659175135,0.19158878504672897,0.9099389749468765,0.5,Yes,Low Risk
Karnataka,Bidar,2025-12-01,0.17526387065668916,0.20512820512820512,0.9065174162691441,0.5,Yes,Low Risk
Uttar Pradesh,Aligarh,2025-12-01,0.1751116881589668,-0.025720746184284906,0.5318924047874738,0.5,Yes,Low Risk
Uttarakhand,Haridwar,2025-12-01,0.17495250198386436,-0.04709072978303747,0.21946165834792145,0.5,Yes,Low Risk
Jharkhand,Latehar,2025-12-01,0.17487204932490902,-0.028277634961439587,0.4865952104097645,0.5,Yes,Low Risk
Rajasthan,Ajmer,2025-12-01,0.17476979993706226,-0.13890119627824546,0.6892682702425307,0.3333333333333333,No,Low Risk
Karnataka,Tumakuru,2025-12-01,0.1746242720947782,0.1653398652786283,0.8835673606869269,0.5,Yes,Low Risk
Tamil Nadu,The Nilgiris,2025-12-01,0.17448453593308466,0.1419068736141907,0.8785533521060895,0.5,Yes,Low Risk
Uttar Pradesh,Varanasi,2025-12-01,0.1739688958470601,-0.16493802175562863,0.28682923196715965,0.3333333333333333,No,Low Risk
Karnataka,Haveri,2025-12-01,0.17374651972237568,0.18757921419518378,0.8520718775296855,0.5,Yes,Low Risk
Karnataka,Udupi,2025-12-01,0.17373327775540007,0.3976470588235294,0.8515967296850748,0.5,Yes,Low Risk
Maharashtra,Jalna,2025-12-01,0.17356155684384258,0.04886308659893566,0.8454350453105848,0.5,Yes,Low Risk
Maharashtra,Beed,2025-12-01,0.17350254451061478,0.21797101449275363,0.8433175666164984,0.5,Yes,Low Risk
Odisha,Angul,2025-12-01,0.17348160654911216,0.3275154004106776,0.842566271337116,0.5,Yes,Low Risk
Rajasthan,Kota,2025-12-01,0.173444945912324,-0.15766923736075408,0.3723561944779585,0.3333333333333333,No,Low Risk
Karnataka,Gadag,2025-12-01,0.1732405066383284,0.2097053726169844,0.8339151318836079,0.5,Yes,Low Risk
Uttar Pradesh,Banda,2025-12-01,0.17272550366163483,-0.03241590214067278,0.3501772567292396,0.5,Yes,Low Risk
Rajasthan,Karauli,2025-12-01,0.1726834558350705,-0.1488095238095238,0.4721940171088344,0.3333333333333333,No,Low Risk
Karnataka,Mandya,2025-12-01,0.17221409207801106,0.2508792497069168,0.7970853567519992,0.5,Yes,Low Risk
Madhya Pradesh,Mauganj,2025-12-01,0.17221241052217423,0.022727272727272728,0.7970250192180869,0.5,Yes,Low Risk
Karnataka,Ramanagar,2025-12-01,0.17220764765565594,0.20552677029360966,0.796854118190731,0.5,Yes,Low Risk
Karnataka,Hassan,2025-12-01,0.17199312428988867,0.3053040103492885,0.7891565974937902,0.5,Yes,Low Risk
Uttar Pradesh,Unnao,2025-12-01,0.1718512637409889,-0.038190120381901206,0.23593167996509057,0.5,Yes,Low Risk
Tamil Nadu,Salem,2025-12-01,0.17165728584772127,0.14335060449050085,0.7771060530220222,0.5,Yes,Low Risk
Nagaland,Dimapur,2025-12-01,0.17165336952420623,0.07129094412331406,0.7769655276242162,0.5,Yes,Low Risk
Tamil Nadu,Tenkasi,2025-12-01,0.17132798705635743,-0.00909090909090909,0.634810277895921,0.5,Yes,Low Risk
Uttar Pradesh,Bulandshahr,2025-12-01,0.1712774085327478,-0.02743142144638404,0.36975794474588153,0.5,Yes,Low Risk
Uttar Pradesh,Mathura,2025-12-01,0.17123623624800077,-0.029311187103077674,0.3413007251266316,0.5,Yes,Low Risk
Odisha,Baudh,2025-12-01,0.17114583545143053,0.4925,0.7587542059081845,0.5,Yes,Low Risk
Uttar Pradesh,Sonbhadra,2025-12-01,0.17105425173866384,-0.03294691885295912,0.2825878775102873,0.5,Yes,Low Risk
Uttar Pradesh,Kaushambi,2025-12-01,0.17081827809987882,-0.025040827436037017,0.3875951287083894,0.5,Yes,Low Risk
Ladakh,Leh,2025-12-01,0.170384467853624,0.045454545454545456,0.7314348375907304,0.5,Yes,Low Risk
Tamil Nadu,Chengalpattu,2025-12-01,0.17035786615712625,0.16339869281045752,0.7304803163494995,0.5,Yes,Low Risk
Tamil Nadu,Madurai,2025-12-01,0.17017177332684794,0.013238289205702648,0.723802939237238,0.5,Yes,Low Risk
Maharashtra,Ahmed Nagar,2025-12-01,0.17010914744735461,0.19259343925020003,0.721555799389139,0.5,Yes,Low Risk
Odisha,Debagarh,2025-12-01,0.17006848424761717,0.17154811715481172,0.7200967237287167,0.5,Yes,Low Risk
Karnataka,Shimoga,2025-12-01,0.17005830338464248,0.32407407407407407,0.7197314143220699,0.5,Yes,Low Risk
Maharashtra,Buldana,2025-12-01,0.1700273714057374,0.08434699103713188,0.7186215140230157,0.5,Yes,Low Risk
Nagaland,Zunheboto,2025-12-01,0.16972832817384462,0.28888888888888886,0.7078912541348129,0.5,Yes,Low Risk
Odisha,Subarnapur,2025-12-01,0.16965843732502078,0.6461538461538462,0.7053834328845536,0.5,Yes,Low Risk
Mizoram,Champhai,2025-12-01,0.16942699919237494,0.6595744680851063,0.6970789770518249,0.5,Yes,Low Risk
Tamil Nadu,Tirupattur,2025-12-01,0.16928225266259653,0.2317596566523605,0.6918851866001653,0.5,Yes,Low Risk
Maharashtra,Akola,2025-12-01,0.1691827906034123,0.004470155140678412,0.6883162921051873,0.5,Yes,Low Risk
West Bengal,Paschim Medinipur,2025-12-01,0.1691358662636881,-0.0324136083578891,0.22140692213083243,0.5,Yes,Low Risk
Maharashtra,Aurangabad,2025-12-01,0.16898306059139526,0.009900990099009901,0.6811495860645534,0.5,Yes,Low Risk
Kerala,Kasaragod,2025-12-01,0.1687725243416044,0.3658854166666667,0.6735951309383004,0.5,Yes,Low Risk
Tamil Nadu,Sivaganga,2025-12-01,0.1687588150665794,0.034133333333333335,0.6731032151608859,0.5,Yes,Low Risk
Tamil Nadu,Thanjavur,2025-12-01,0.16871268575060394,0.07100775193798449,0.6714480044886749,0.5,Yes,Low Risk
Telangana,Medchal malkajgiri,2025-12-01,0.16856972180315002,-0.006738544474393531,0.5696012798213651,0.5,Yes,Low Risk
Madhya Pradesh,Agar Malwa,2025-12-01,0.16835105511020215,-0.0176678445229682,0.40488916746422304,0.5,Yes,Low Risk
Madhya Pradesh,Ujjain,2025-12-01,0.16817514988306614,-0.01466508125247721,0.4416753646891415,0.5,Yes,Low Risk
Tamil Nadu,Krishnagiri,2025-12-01,0.16817251671451186,0.20154686078252956,0.6520656760402372,0.5,Yes,Low Risk
Karnataka,Raichur,2025-12-01,0.16805951573603617,0.022914218566392478,0.6480109784669442,0.5,Yes,Low Risk
Maharashtra,Solapur,2025-12-01,0.16797794683409886,0.18316760340106644,0.6450841256803324,0.5,Yes,Low Risk
Delhi,East Delhi,2025-12-01,0.16797269269877219,-0.028460543337645538,0.23640746681409824,0.5,Yes,Low Risk
Jharkhand,Gumla,2025-12-01,0.16790433154901993,-0.02072538860103627,0.34497556625282666,0.5,Yes,Low Risk
Gujarat,Ahmedabad,2025-12-01,0.16777173243402746,-0.02618657937806874,0.26183433833707437,0.5,Yes,Low Risk
Tamil Nadu,Virudhunagar,2025-12-01,0.16774923809993217,0.1342195540308748,0.6368776060384153,0.5,Yes,Low Risk
Karnataka,Davanagere,2025-12-01,0.16767800636965802,0.23896103896103896,0.6343216713219187,0.5,Yes,Low Risk
Maharashtra,Amravati,2025-12-01,0.16766643238194207,0.00710801393728223,0.6339063738569035,0.5,Yes,Low Risk
Karnataka,Dakshina Kannada,2025-12-01,0.16750377082012693,0.1394275161588181,0.6280697567863556,0.5,Yes,Low Risk
Kerala,Kannur,2025-12-01,0.16748203298423966,0.2934918648310388,0.6272897604393349,0.5,Yes,Low Risk
Karnataka,Dharwad,2025-12-01,0.16743094494799635,0.07015902712815715,0.6254566211216558,0.5,Yes,Low Risk
Maharashtra,Jalgaon,2025-12-01,0.16742848201011398,0.07246376811594203,0.6253682460616385,0.5,Yes,Low Risk
Telangana,Siddipet,2025-12-01,0.16742450388614682,-0.012738853503184714,0.44238744604667446,0.5,Yes,Low Risk
Tamil Nadu,Thoothukkudi,2025-12-01,0.16732736678696739,0.0893189430591738,0.6217400327890985,0.5,Yes,Low Risk
Assam,Lakhimpur,2025-12-01,0.1673056950592588,-0.027624309392265192,0.2244765664900655,0.5,Yes,Low Risk
Haryana,Jhajjar,2025-12-01,0.16724140359824005,-0.14752475247524752,0.29536251898000493,0.3333333333333333,No,Low Risk
Telangana,Khammam,2025-12-01,0.16706672610768714,0.07534246575342465,0.6123877320919279,0.5,Yes,Low Risk
Madhya Pradesh,Neemuch,2025-12-01,0.16704687395394105,0.13585434173669467,0.6116753977324854,0.5,Yes,Low Risk
Madhya Pradesh,Anuppur,2025-12-01,0.1669753528531215,0.08529048207663782,0.6091090798311356,0.5,Yes,Low Risk
Telangana,Nizamabad,2025-12-01,0.16670068215199227,0.12145922746781115,0.5992533543290506,0.5,Yes,Low Risk
Madhya Pradesh,Sidhi,2025-12-01,0.16667351195158808,0.01905717151454363,0.5982784340484404,0.5,Yes,Low Risk
Odisha,Nuapada,2025-12-01,0.16666505502113727,0.10872894333843798,0.5979749827346635,0.5,Yes,Low Risk
Telangana,Komaram Bheem,2025-12-01,0.1666522691310827,0.5660377358490566,0.597516199827861,0.5,Yes,Low Risk
Maharashtra,Chandrapur,2025-12-01,0.1664595090844622,0.22107904642409035,0.5905995898674595,0.5,Yes,Low Risk
Punjab,Mansa,2025-12-01,0.16644465797309993,-0.015479876160990712,0.367887329968277,0.5,Yes,Low Risk
West Bengal,Howrah,2025-12-01,0.16638820691927916,-0.023614563532680218,0.24910631594352342,0.5,Yes,Low Risk
Odisha,Sonapur,2025-12-01,0.16634288192083538,0.4553072625698324,0.5864147776320556,0.5,Yes,Low Risk
Maharashtra,Nanded,2025-12-01,0.1662930768608608,0.01741364544675992,0.5846276740287009,0.5,Yes,Low Risk
Mizoram,Kolasib,2025-12-01,0.16629151557825084,0.18181818181818182,0.5845716521349493,0.5,Yes,Low Risk
Tamil Nadu,Ariyalur,2025-12-01,0.16623276455766334,0.1135593220338983,0.5824635498528458,0.5,Yes,Low Risk
Tamil Nadu,Nagapattinam,2025-12-01,0.16618346683623794,0.026091888825865002,0.5806946505554343,0.5,Yes,Low Risk
Andhra Pradesh,Mahabub Nagar,2025-12-01,0.16617275572107357,0.15956151035322777,0.5803103146563111,0.5,Yes,Low Risk
Nagaland,Chumukedima,2025-12-01,0.16599992296852595,0.0,0.5741087352382072,0.5,Yes,Low Risk
Maharashtra,Gadchiroli,2025-12-01,0.1658035248116298,0.14909231363460795,0.5670615827187502,0.5,Yes,Low Risk
Delhi,North West Delhi,2025-12-01,0.16570750169014534,-0.002551020408163265,0.5270018302981359,0.5,Yes,Low Risk
Madhya Pradesh,Narmadapuram,2025-12-01,0.1657000182807806,0.06,0.563347564618062,0.5,Yes,Low Risk
Maharashtra,Raigad,2025-12-01,0.16552414216171582,0.15701492537313433,0.5570367832178321,0.5,Yes,Low Risk
Telangana,Jogulamba Gadwal,2025-12-01,0.16542173765419274,0.2546583850931677,0.553362307883644,0.5,Yes,Low Risk
Nagaland,Shamator,2025-12-01,0.16539882667184114,5.0,2.346638651979244,0.3333333333333333,No,Low Risk
Odisha,Sundergarh,2025-12-01,0.16534559584027317,0.3582430119794638,0.550630189699444,0.5,Yes,Low Risk
Uttar Pradesh,Baghpat,2025-12-01,0.16515013176492224,-0.011882998171846435,0.3730624064555065,0.5,Yes,Low Risk
Telangana,Warangal,2025-12-01,0.16508580552845145,0.12439261418853255,0.5413084018608083,0.5,Yes,Low Risk
Maharashtra,Nandurbar,2025-12-01,0.1650506509254572,0.08120578283605044,0.5400469854963342,0.5,Yes,Low Risk
Tamil Nadu,Namakkal,2025-12-01,0.16503105375059507,0.039859833552343404,0.5393438002812252,0.5,Yes,Low Risk
West Bengal,Kalimpong,2025-12-01,0.16499598144256392,0.34782608695652173,0.5380853368220415,0.5,Yes,Low Risk
Telangana,Mahabubnagar,2025-12-01,0.16499105043713955,0.09350191120258747,0.53790840263972,0.5,Yes,Low Risk
Andhra Pradesh,Ananthapuramu,2025-12-01,0.16493434149713196,0.222820763956905,0.5358735742290774,0.5,Yes,Low Risk
Manipur,Imphal East,2025-12-01,0.1647614979099422,0.028769841269841268,0.5296716060426837,0.5,Yes,Low Risk
Tamil Nadu,Kanchipuram,2025-12-01,0.16473375803853915,0.045925925925925926,0.5286762448451201,0.5,Yes,Low Risk
Bihar,Nalanda,2025-12-01,0.1645461781592026,0.0,0.5219455094850886,0.5,Yes,Low Risk
Telangana,Nalgonda,2025-12-01,0.1644972061482338,0.17990074441687345,0.5201882973200871,0.5,Yes,Low Risk
Manipur,Tamenglong,2025-12-01,0.16446096746629815,0.19248826291079812,0.5188879820689644,0.5,Yes,Low Risk
Tamil Nadu,Viluppuram,2025-12-01,0.1644442865301663,0.028846153846153848,0.5182894372407116,0.5,Yes,Low Risk
Bihar,Muzaffarpur,2025-12-01,0.16441509493277484,0.09234163252442483,0.5172419852566644,0.5,Yes,Low Risk
Odisha,Nabarangapur,2025-12-01,0.16439885083405115,0.4492753623188406,0.5166591150146209,0.5,Yes,Low Risk
Maharashtra,Ratnagiri,2025-12-01,0.16411958896888879,0.09976594499707431,0.50663864950838,0.5,Yes,Low Risk
Tamil Nadu,Coimbatore,2025-12-01,0.16398426759863294,0.17659383418138283,0.5017830523357483,0.5,Yes,Low Risk
Odisha,Sambalpur,2025-12-01,0.16394368723892946,0.1967005076142132,0.5003269491388336,0.5,Yes,Low Risk
Mizoram,Hnahthial,2025-12-01,0.1639345754440466,0.0,0.5,0.5,Yes,Low Risk
Odisha,Bargarh,2025-12-01,0.16387426560817472,0.3129139072847682,0.49783596435664534,0.5,Yes,Low Risk
Himachal Pradesh,Hamirpur,2025-12-01,0.16387285009295843,-0.012987012987012988,0.3113853354556583,0.5,Yes,Low Risk
Kerala,Malappuram,2025-12-01,0.1638226921242042,0.3248024087316522,0.49598540621881,0.5,Yes,Low Risk
Tripura,Sepahijala,2025-12-01,0.163793638331267,-0.0037593984962406013,0.4409850512532653,0.5,Yes,Low Risk
Kerala,Palakkad,2025-12-01,0.16376208067802192,0.3660864682762493,0.49381054820373604,0.5,Yes,Low Risk
Tamil Nadu,Dharmapuri,2025-12-01,0.1636584264586143,0.10519187358916479,0.49009123074681626,0.5,Yes,Low Risk
Odisha,Koraput,2025-12-01,0.16362734434023501,0.49585253456221196,0.4889759431478465,0.5,Yes,Low Risk
Punjab,Hoshiarpur,2025-12-01,0.16358530659374163,0.13862249346120314,0.48746754604374404,0.5,Yes,Low Risk
Gujarat,Chhotaudepur,2025-12-01,0.16355865551244775,0.10144927536231885,0.48651125277880497,0.5,Yes,Low Risk
Tamil Nadu,Karur,2025-12-01,0.16353383931615117,0.22549019607843138,0.48562079879991554,0.5,Yes,Low Risk
Bihar,Vaishali,2025-12-01,0.16352968632847414,-0.006993006993006993,0.385102638195435,0.5,Yes,Low Risk
Odisha,Cuttack,2025-12-01,0.16347808614344703,0.3472779369627507,0.4836202652017432,0.5,Yes,Low Risk
Odisha,Kalahandi,2025-12-01,0.16342491784035895,0.37300177619893427,0.48171248181424153,0.5,Yes,Low Risk
Delhi,West Delhi,2025-12-01,0.16339929774967044,0.02008407286314806,0.4807931825219382,0.5,Yes,Low Risk
Assam,Tamulpur District,2025-12-01,0.16334134026520603,,0.47871355387816966,0.5,Yes,Low Risk
Mizoram,Saitual,2025-12-01,0.16334134026520603,,0.478713553878169,0.5,Yes,Low Risk
Odisha,Puri,2025-12-01,0.16332416893515417,0.39386602098466506,0.47809741275062656,0.5,Yes,Low Risk
Rajasthan,Jalore,2025-12-01,0.16332126121310392,-0.12427930813581038,0.4883370151257215,0.3333333333333333,No,Low Risk
Tamil Nadu,Cuddalore,2025-12-01,0.16322997275422993,0.0,0.4747174683345776,0.5,Yes,Low Risk
Kerala,Kozhikode,2025-12-01,0.16319312266943695,0.4734848484848485,0.4733952147452607,0.5,Yes,Low Risk
Gujarat,Gandhinagar,2025-12-01,0.16315350509327103,0.014910536779324055,0.4719736581171095,0.5,Yes,Low Risk
Telangana,Vikarabad,2025-12-01,0.16311795599353104,0.04081632653061224,0.47069808643274985,0.5,Yes,Low Risk
Odisha,Bhadrak,2025-12-01,0.16307343735268473,0.16028368794326242,0.4691006699551163,0.5,Yes,Low Risk
Telangana,Mahabubabad,2025-12-01,0.1630685975289005,0.20675105485232068,0.4689270075495525,0.5,Yes,Low Risk
Odisha,Jharsuguda,2025-12-01,0.1629651086738899,0.7320441988950276,0.4652136236927518,0.5,Yes,Low Risk
Telangana,Karimnagar,2025-12-01,0.16292377339297748,0.10112812248186946,0.4637304324366425,0.5,Yes,Low Risk
Telangana,Rangareddy,2025-12-01,0.16291971242229428,0.12208148939417061,0.4635847168136759,0.5,Yes,Low Risk
Punjab,Gurdaspur,2025-12-01,0.16281569921116035,0.041504539559014265,0.45985251802686694,0.5,Yes,Low Risk
Odisha,Kendujhar,2025-12-01,0.1626304483556682,0.21362940275650844,0.4532053526275331,0.5,Yes,Low Risk
Karnataka,Bengaluru,2025-12-01,0.1625407006796435,0.22548855854351094,0.44998502932507256,0.5,Yes,Low Risk
Bihar,Munger,2025-12-01,0.16249258369659014,0.14806110458284372,0.44825849724497663,0.5,Yes,Low Risk
Odisha,Rayagada,2025-12-01,0.1624670324487744,0.30598052851182195,0.44734166817047927,0.5,Yes,Low Risk
Tripura,Gomati,2025-12-01,0.1624502187710101,0.6331877729257642,0.44673836031112535,0.5,Yes,Low Risk
Odisha,Ganjam,2025-12-01,0.16242834393956582,0.434521425710853,0.4459534482938156,0.5,Yes,Low Risk
Bihar,Jamui,2025-12-01,0.16236225564529855,0.07158196134574088,0.4435820701871541,0.5,Yes,Low Risk
Odisha,Nayagarh,2025-12-01,0.16233023802158647,0.16824644549763032,0.44243321481511094,0.5,Yes,Low Risk
Odisha,Balangir,2025-12-01,0.162164616135328,0.26994359387590655,0.4364903754755304,0.5,Yes,Low Risk
Madhya Pradesh,Ratlam,2025-12-01,0.16194377244227134,-0.013428451531682753,0.2358303579462919,0.5,Yes,Low Risk
Bihar,Darbhanga,2025-12-01,0.16175177866973176,-0.0023074704355350445,0.3885583216725928,0.5,Yes,Low Risk
Telangana,Peddapalli,2025-12-01,0.16169335569390242,0.08670520231213873,0.419580623064418,0.5,Yes,Low Risk
Andhra Pradesh,Kurnool,2025-12-01,0.16166832694119282,0.05175829618623081,0.41868254214296846,0.5,Yes,Low Risk
Odisha,Kendrapara,2025-12-01,0.16152691390654267,0.2569502948609941,0.4136083640591806,0.5,Yes,Low Risk
Odisha,Baleshwar,2025-12-01,0.16145118545160617,0.1811704834605598,0.410891078009075,0.5,Yes,Low Risk
Tamil Nadu,Dindigul,2025-12-01,0.1613114949029451,0.09047005795235029,0.4058787061136413,0.5,Yes,Low Risk
Gujarat,Narmada,2025-12-01,0.16129550422708616,0.00881057268722467,0.40530492918290023,0.5,Yes,Low Risk
Jammu and Kashmir,Kishtwar,2025-12-01,0.16123214653255263,0.14979757085020243,0.40303153037043077,0.5,Yes,Low Risk
Madhya Pradesh,Maihar,2025-12-01,0.16112726002977235,0.0,0.3992679961600973,0.5,Yes,Low Risk
Telangana,Jayashankar Bhupalpally,2025-12-01,0.16109631130171895,0.2191780821917808,0.3981574948686273,0.5,Yes,Low Risk
Uttar Pradesh,Etah,2025-12-01,0.16096516135458397,-0.006076975016880486,0.30623004561929423,0.5,Yes,Low Risk
West Bengal,North 24 Parganas,2025-12-01,0.16092653285482592,-0.011326860841423949,0.22949348345553203,0.5,Yes,Low Risk
Odisha,Mayurbhanj,2025-12-01,0.16082489259934177,0.37609170305676853,0.38841845748399145,0.5,Yes,Low Risk
Puducherry,Puducherry,2025-12-01,0.16066720499744924,0.19021739130434784,0.3827603158877262,0.5,Yes,Low Risk
Andhra Pradesh,Palnadu,2025-12-01,0.16065531796198426,0.2903225806451613,0.3823337856531766,0.5,Yes,Low Risk
Tamil Nadu,Chennai,2025-12-01,0.16051805661374952,0.10068599247621154,0.37740857825141855,0.5,Yes,Low Risk
Haryana,Hisar,2025-12-01,0.1604847265365222,-0.13274336283185842,0.26507378834189865,0.3333333333333333,No,Low Risk
Madhya Pradesh,Balaghat,2025-12-01,0.16032244959995462,-0.00995732574679943,0.2274744331713153,0.5,Yes,Low Risk
Odisha,Jagatsinghpur,2025-12-01,0.1603004184884014,0.24395604395604395,0.3695992938486746,0.5,Yes,Low Risk
Goa,South Goa,2025-12-01,0.16011480255133234,0.10429447852760736,0.36293902860362287,0.5,Yes,Low Risk
Himachal Pradesh,Solan,2025-12-01,0.1600944423190742,0.1292372881355932,0.36220846338691104,0.5,Yes,Low Risk
Uttar Pradesh,Sambhal,2025-12-01,0.16007920990284014,-0.12945264986967853,0.2977539569931437,0.3333333333333333,No,Low Risk
Telangana,Sangareddy,2025-12-01,0.16005628795245413,0.35279805352798055,0.3608394095978934,0.5,Yes,Low Risk
Assam,Dibrugarh,2025-12-01,0.15996466681372906,0.05865921787709497,0.3575518627654477,0.5,Yes,Low Risk
Odisha,Gajapati,2025-12-01,0.15996436082370277,0.20673076923076922,0.35754088324090133,0.5,Yes,Low Risk
Bihar,Buxar,2025-12-01,0.1597277295706389,0.0,0.349050088023851,0.5,Yes,Low Risk
Gujarat,Gir Somnath,2025-12-01,0.15955187389647352,0.086,0.3427400402268614,0.5,Yes,Low Risk
Jharkhand,Deoghar,2025-12-01,0.15954473973002856,0.02694610778443114,0.3424840522897474,0.5,Yes,Low Risk
Andhra Pradesh,Nizamabad,2025-12-01,0.15948169300714063,0.18699186991869918,0.34022181175213323,0.5,Yes,Low Risk
Arunachal Pradesh,Changlang,2025-12-01,0.15936668596039782,0.28,0.33609513250005907,0.5,Yes,Low Risk
Odisha,Kandhamal,2025-12-01,0.1593556359289306,0.49362244897959184,0.3356986356167635,0.5,Yes,Low Risk
Telangana,Nirmal,2025-12-01,0.15927377075694013,0.038834951456310676,0.33276115207737644,0.5,Yes,Low Risk
Jammu and Kashmir,Kupwara,2025-12-01,0.15878271479037515,0.05233380480905234,0.31514109725271405,0.5,Yes,Low Risk
Arunachal Pradesh,Lohit,2025-12-01,0.1587027766310481,0.2631578947368421,0.31227275872140997,0.5,Yes,Low Risk
Andhra Pradesh,Prakasam,2025-12-01,0.1585952958765465,0.1989247311827957,0.3084161376520003,0.5,Yes,Low Risk
Jammu and Kashmir,Ganderbal,2025-12-01,0.15857548972283678,0.09876543209876543,0.30770545386442233,0.5,Yes,Low Risk
Odisha,Khorda,2025-12-01,0.15851739155687103,0.2908989391401452,0.3056207772914242,0.5,Yes,Low Risk
Uttarakhand,Dehradun,2025-12-01,0.15843353285547523,0.17491499811106914,0.30261176199230266,0.5,Yes,Low Risk
Lakshadweep,Lakshadweep,2025-12-01,0.15792845618607182,0.20634920634920634,0.28448861674717046,0.5,Yes,Low Risk
Madhya Pradesh,Katni,2025-12-01,0.1578983889217546,-0.12527765437583296,0.2794246298601248,0.3333333333333333,No,Low Risk
Jammu and Kashmir,Anantnag,2025-12-01,0.15775917085499452,0.04264705882352941,0.2784143257952491,0.5,Yes,Low Risk
Jharkhand,Garhwa,2025-12-01,0.15762521027255913,0.0026490066225165563,0.273607556368606,0.5,Yes,Low Risk
Chandigarh,Chandigarh,2025-12-01,0.15759556561581486,-0.1274787535410765,0.23696682492776608,0.3333333333333333,No,Low Risk
Jharkhand,Dumka,2025-12-01,0.15752027185244488,0.09951219512195122,0.26984215926211924,0.5,Yes,Low Risk
Andhra Pradesh,Sri Potti Sriramulu Nellore,2025-12-01,0.15739956763356117,0.18439386901997212,0.2655110542575794,0.5,Yes,Low Risk
Gujarat,Morbi,2025-12-01,0.15719988169994967,0.02518891687657431,0.2583459298369135,0.5,Yes,Low Risk
Jammu and Kashmir,Pulwama,2025-12-01,0.15710779950305226,0.2876712328767123,0.255041839329558,0.5,Yes,Low Risk
Uttarakhand,Chamoli,2025-12-01,0.156875069252737,0.20404411764705882,0.2466910197710513,0.5,Yes,Low Risk
Andhra Pradesh,Srikakulam,2025-12-01,0.15667446591345935,0.08451392281387396,0.23949297702898262,0.5,Yes,Low Risk
Jammu and Kashmir,Samba,2025-12-01,0.1563819488234898,0.14659685863874344,0.22899688796103296,0.5,Yes,Low Risk
Andhra Pradesh,Tirupati,2025-12-01,0.15636530895396264,0.17123287671232876,0.22839981668340556,0.5,Yes,Low Risk
Jammu and Kashmir,Rajouri,2025-12-01,0.15615848669770124,0.1890798786653185,0.2209786269567474,0.5,Yes,Low Risk
Jammu and Kashmir,Srinagar,2025-12-01,0.1559078772347289,0.33507462686567163,0.21198626604921,0.5,Yes,Low Risk
Assam,South Salmara Mankachar,2025-12-01,0.1558267270547507,0.07228915662650602,0.20907443783083196,0.5,Yes,Low Risk
Jammu and Kashmir,Ramban,2025-12-01,0.15558433154241652,0.35091743119266056,0.20037680964303653,0.5,Yes,Low Risk
Andhra Pradesh,Visakhapatnam,2025-12-01,0.15537365306569445,0.0701480904130943,0.19281725113448994,0.5,Yes,Low Risk
Assam,Dhubri,2025-12-01,0.15460819116496877,0.02727272727272727,0.1653509711678221,0.5,Yes,Low Risk
West Bengal,Bankura,2025-12-01,0.154495382173718,0.23556002009040683,0.16130316247412496,0.5,Yes,Low Risk
Uttar Pradesh,Deoria,2025-12-01,0.1542144289009063,-0.1123423767672908,0.33289418221757583,0.3333333333333333,No,Low Risk
Jammu and Kashmir,Doda,2025-12-01,0.1538553367606749,0.09109730848861283,0.13833707299356798,0.5,Yes,Low Risk
Assam,Sonitpur,2025-12-01,0.15342039533163201,0.09879032258064516,0.12273051824816662,0.5,Yes,Low Risk
Uttar Pradesh,Bahraich,2025-12-01,0.15319553172612185,-0.10411928228455901,0.414358473233282,0.3333333333333333,No,Low Risk
Meghalaya,Ri Bhoi,2025-12-01,0.15146723174080737,-0.10256410256410256,0.37466483127146166,0.3333333333333333,No,Low Risk
Uttar Pradesh,Lalitpur,2025-12-01,0.14913095505253848,-0.09054325955734406,0.4633672292871363,0.3333333333333333,No,Low Risk
Daman and Diu,Diu,2025-12-01,0.1488304710385773,1.1610169491525424,1.7521334336540415,0.3333333333333333,No,Low Risk
Gujarat,Sabar Kantha,2025-12-01,0.14651600933044384,-0.08773132282385196,0.40989695907038337,0.3333333333333333,No,Low Risk
Uttar Pradesh,Agra,2025-12-01,0.14552948574767277,-0.09287776708373437,0.30063272999675766,0.3333333333333333,No,Low Risk
Uttar Pradesh,Azamgarh,2025-12-01,0.14385383059091816,-0.0846214304427561,0.3590083692894423,0.3333333333333333,No,Low Risk
Chhattisgarh,Balrampur,2025-12-01,0.14359729760116857,-0.08227848101265822,0.38343131583067824,0.3333333333333333,No,Low Risk
Uttar Pradesh,Amroha,2025-12-01,0.14288375611792764,-0.08781450419338925,0.278370678451005,0.3333333333333333,No,Low Risk
Uttar Pradesh,Allahabad,2025-12-01,0.1404744938678059,-0.08184976118106817,0.27753229463058926,0.3333333333333333,No,Low Risk
Madhya Pradesh,Pandhurna,2025-12-01,0.14014305431104804,-0.07142857142857142,0.41521271265438275,0.3333333333333333,No,Low Risk
Arunachal Pradesh,Lower Siang,2025-12-01,0.13802055833587826,0.05555555555555555,1.3642524843525874,0.3333333333333333,No,Low Risk
Tamil Nadu,Theni,2025-12-01,0.1375190731218166,0.0035536602700781805,1.3462582075956337,0.3333333333333333,No,Low Risk
Gujarat,Kheda,2025-12-01,0.13449381536539312,-0.057439824945295405,0.4132844030133645,0.3333333333333333,No,Low Risk
Tamil Nadu,Tiruvannamalai,2025-12-01,0.13380210635370388,0.01197373503283121,1.2128861223448864,0.3333333333333333,No,Low Risk
Uttar Pradesh,Bareilly,2025-12-01,0.13235748192456157,-0.05759582580774634,0.33438950612035134,0.3333333333333333,No,Low Risk
Madhya Pradesh,Niwari,2025-12-01,0.13195700643201264,0.13793103448275862,1.1466803046972607,0.3333333333333333,No,Low Risk
Karnataka,Vijayanagara,2025-12-01,0.1308859241629038,0.015463917525773196,1.1082477642366744,0.3333333333333333,No,Low Risk
Madhya Pradesh,Hoshangabad,2025-12-01,0.12920834141786836,0.027932960893854747,1.0480527926793541,0.3333333333333333,No,Low Risk
Karnataka,Chamrajanagar,2025-12-01,0.12843639534747334,0.08743169398907104,1.0203538479395327,0.3333333333333333,No,Low Risk
Karnataka,Koppal,2025-12-01,0.12661191465162838,0.10409356725146199,0.9548878887084451,0.3333333333333333,No,Low Risk
Karnataka,Vijayapura,2025-12-01,0.12658843129392797,0.1375921375921376,0.9540452596023515,0.3333333333333333,No,Low Risk
Tamil Nadu,Tiruppur,2025-12-01,0.1253099148648971,0.05079681274900399,0.908169573107105,0.3333333333333333,No,Low Risk
Andaman and Nicobar Islands,Andamans,2025-12-01,0.12502741400917672,0.19148936170212766,0.8980328862430265,0.3333333333333333,No,Low Risk
Madhya Pradesh,Singrauli,2025-12-01,0.12487962008160725,0.022155085599194362,0.8927297491591974,0.3333333333333333,No,Low Risk
Arunachal Pradesh,Lower Dibang Valley,2025-12-01,0.12379748776328166,1.5217391304347827,0.8539007111784269,0.3333333333333333,No,Low Risk
Andhra Pradesh,Adilabad,2025-12-01,0.12337480782263818,0.39643652561247217,0.8387341227760489,0.3333333333333333,No,Low Risk
Karnataka,Kolar,2025-12-01,0.12328303636355364,0.1665034280117532,0.8354411821531701,0.3333333333333333,No,Low Risk
Maharashtra,Bhandara,2025-12-01,0.12315406177481947,0.1111111111111111,0.8308133199964772,0.3333333333333333,No,Low Risk
Gujarat,Valsad,2025-12-01,0.12282388135302286,-0.03804347826086957,0.2729358378810466,0.3333333333333333,No,Low Risk
Telangana,Hanumakonda,2025-12-01,0.12274041212643548,0.22435897435897437,0.8159707562583505,0.3333333333333333,No,Low Risk
Karnataka,Belgaum,2025-12-01,0.1221327001893637,0.1316284317412561,0.7941648555507187,0.3333333333333333,No,Low Risk
Nagaland,Wokha,2025-12-01,0.12205930195488897,0.01282051282051282,0.7915311823982977,0.3333333333333333,No,Low Risk
Gujarat,Surat,2025-12-01,0.12113519731108452,-0.03788258906171601,0.2146517384192693,0.3333333333333333,No,Low Risk
Madhya Pradesh,Vidisha,2025-12-01,0.1210335706057204,0.015409139213602551,0.7547259222277481,0.3333333333333333,No,Low Risk
Madhya Pradesh,Dhar,2025-12-01,0.12102370726950705,0.020065075921908895,0.7543720063064144,0.3333333333333333,No,Low Risk
Madhya Pradesh,Raisen,2025-12-01,0.12089777619566272,0.12682215743440234,0.7498533514557518,0.3333333333333333,No,Low Risk
Karnataka,Bengaluru Rural,2025-12-01,0.12066295543995262,0.11587301587301588,0.7414275204480899,0.3333333333333333,No,Low Risk
Arunachal Pradesh,Namsai,2025-12-01,0.12035728485156226,0.44954128440366975,0.7304594579614448,0.3333333333333333,No,Low Risk
Puducherry,Karaikal,2025-12-01,0.12031054453284105,0.01417004048582996,0.7287823233078312,0.3333333333333333,No,Low Risk
Karnataka,Bagalkot,2025-12-01,0.12009970083902607,0.1789748045178106,0.7212168364847267,0.3333333333333333,No,Low Risk
Uttar Pradesh,Ambedkar Nagar,2025-12-01,0.12003254712611139,-0.02389803505045141,0.3758038107434935,0.3333333333333333,No,Low Risk
Karnataka,Chikkaballapur,2025-12-01,0.1196734433062366,0.07631160572337042,0.7059218770329265,0.3333333333333333,No,Low Risk
Telangana,Narayanpet,2025-12-01,0.11949242797700088,0.21739130434782608,0.6994266906541754,0.3333333333333333,No,Low Risk
Maharashtra,Kolhapur,2025-12-01,0.1192646132191819,0.17487361917243963,0.6912522486435894,0.3333333333333333,No,Low Risk
Maharashtra,Nagpur,2025-12-01,0.11913896780902192,0.12756093913563632,0.6867438439683088,0.3333333333333333,No,Low Risk
Maharashtra,Parbhani,2025-12-01,0.11905733334934135,0.2346497549726146,0.6838146388408051,0.3333333333333333,No,Low Risk
Kerala,Thiruvananthapuram,2025-12-01,0.11902639179436827,0.1645979492714517,0.6827043949335793,0.3333333333333333,No,Low Risk
Maharashtra,Gondia,2025-12-01,0.11879351365529099,0.22530699412706887,0.6743482688351418,0.3333333333333333,No,Low Risk
Karnataka,Gulbarga,2025-12-01,0.11875030771747366,0.20967741935483872,0.6727979547265127,0.3333333333333333,No,Low Risk
Madhya Pradesh,Tikamgarh,2025-12-01,0.11824105686181133,0.017825311942959002,0.6545250314606692,0.3333333333333333,No,Low Risk
Madhya Pradesh,Ashok Nagar,2025-12-01,0.1179284339490671,0.08706166868198308,0.6433075058891314,0.3333333333333333,No,Low Risk
Gujarat,Botad,2025-12-01,0.11780246051859082,-0.02109704641350211,0.3359859075286899,0.3333333333333333,No,Low Risk
Telangana,Adilabad,2025-12-01,0.11777320503014424,0.21370716510903426,0.6377375866782389,0.3333333333333333,No,Low Risk
Kerala,Kollam,2025-12-01,0.11718516284664976,0.12690355329949238,0.6166374754529012,0.3333333333333333,No,Low Risk
Kerala,Ernakulam,2025-12-01,0.11715829188594586,0.22930943595150238,0.615673292481852,0.3333333333333333,No,Low Risk
Kerala,Idukki,2025-12-01,0.11708314785206071,0.19642857142857142,0.6129769766096216,0.3333333333333333,No,Low Risk
Madhya Pradesh,Alirajpur,2025-12-01,0.1170648034886393,0.029797377830750895,0.6123187447354228,0.3333333333333333,No,Low Risk
Rajasthan,Deeg,2025-12-01,0.11697243826934435,0.8571428571428571,0.6090044988272556,0.3333333333333333,No,Low Risk
Odisha,Dhenkanal,2025-12-01,0.1169051420775625,0.17286245353159851,0.606589778979777,0.3333333333333333,No,Low Risk
Punjab,Jalandhar,2025-12-01,0.11680767116410018,0.12595936794582394,0.6030923307132796,0.3333333333333333,No,Low Risk
Madhya Pradesh,Bhind,2025-12-01,0.11679131896526622,0.0275092936802974,0.6025055816264623,0.3333333333333333,No,Low Risk
Uttar Pradesh,Bhadohi,2025-12-01,0.11677452431965185,-0.016613418530351438,0.36345409116281563,0.3333333333333333,No,Low Risk
Karnataka,Mysuru,2025-12-01,0.1167149833969997,0.2553745928338762,0.599766511154849,0.3333333333333333,No,Low Risk
Karnataka,Uttara Kannada,2025-12-01,0.11670364342505395,0.11078717201166181,0.5993596106363761,0.3333333333333333,No,Low Risk
Madhya Pradesh,Gwalior,2025-12-01,0.1165392903697074,0.00472193074501574,0.5934622994478688,0.3333333333333333,No,Low Risk
Delhi,New Delhi,2025-12-01,0.11633236355436563,-0.01639344262295082,0.3507457598703362,0.3333333333333333,No,Low Risk
Kerala,Kottayam,2025-12-01,0.11628138833310218,0.2788104089219331,0.5842082666414585,0.3333333333333333,No,Low Risk
Mizoram,Lawngtlai,2025-12-01,0.11614556142141041,0.2125,0.5793345296468453,0.3333333333333333,No,Low Risk
Andhra Pradesh,Alluri Sitharama Raju,2025-12-01,0.11544403671196278,0.1598360655737705,0.5541624419766983,0.3333333333333333,No,Low Risk
Maharashtra,Nashik,2025-12-01,0.11533320651727441,0.11497239363429684,0.5501856363993267,0.3333333333333333,No,Low Risk
Manipur,Chandel,2025-12-01,0.1153297712443334,0.0,0.5500623720431644,0.3333333333333333,No,Low Risk
Madhya Pradesh,Betul,2025-12-01,0.11530372684984425,0.09337349397590361,0.5491278478951657,0.3333333333333333,No,Low Risk
Rajasthan,Khairthal-Tijara,2025-12-01,0.11526456259992376,0.0,0.5477225575051661,0.3333333333333333,No,Low Risk
Jharkhand,Chatra,2025-12-01,0.11502414446312292,0.05644546147978642,0.5390958814443764,0.3333333333333333,No,Low Risk
Uttar Pradesh,Hathras,2025-12-01,0.11493061310809842,0.03200522534291313,0.5357397922904563,0.3333333333333333,No,Low Risk
Chhattisgarh,Surajpur,2025-12-01,0.11488573507300957,0.01008827238335435,0.5341294800398587,0.3333333333333333,No,Low Risk
Maharashtra,Dhule,2025-12-01,0.11488143211996857,0.03446418955304254,0.5339750816135026,0.3333333333333333,No,Low Risk
Andhra Pradesh,Nalgonda,2025-12-01,0.11486926650126833,0.28054298642533937,0.5335385552640244,0.3333333333333333,No,Low Risk
Maharashtra,Wardha,2025-12-01,0.11482189501613156,0.12217347283158961,0.5318387731168396,0.3333333333333333,No,Low Risk
Madhya Pradesh,Burhanpur,2025-12-01,0.1147566573820871,0.018240343347639486,0.5294979183736712,0.3333333333333333,No,Low Risk
Maharashtra,Pune,2025-12-01,0.11472721329128562,0.23620556081604546,0.528441406428987,0.3333333333333333,No,Low Risk
Maharashtra,Palghar,2025-12-01,0.11467665175569561,0.16949695610381288,0.5266271589912722,0.3333333333333333,No,Low Risk
Andhra Pradesh,Parvathipuram Manyam,2025-12-01,0.11456923981707774,0.04285714285714286,0.5227730071712483,0.3333333333333333,No,Low Risk
Kerala,Pathanamthitta,2025-12-01,0.11449548965807754,0.1863270777479893,0.5201267062740186,0.3333333333333333,No,Low Risk
Andhra Pradesh,Dr. B. R. Ambedkar Konaseema,2025-12-01,0.1143394126920066,0.10833333333333334,0.514526357461898,0.3333333333333333,No,Low Risk
Meghalaya,East Jaintia Hills,2025-12-01,0.11419653474899565,0.42857142857142855,0.5093996155821519,0.3333333333333333,No,Low Risk
Maharashtra,Osmanabad,2025-12-01,0.11416559829150721,0.11177844511177845,0.50828955458271,0.3333333333333333,No,Low Risk
Uttar Pradesh,Hamirpur,2025-12-01,0.11413732715911536,0.09272183449651047,0.507275130694972,0.3333333333333333,No,Low Risk
Mizoram,Aizawl,2025-12-01,0.11386544297114663,0.05439330543933055,0.4975193907709083,0.3333333333333333,No,Low Risk
Rajasthan,Sirohi,2025-12-01,0.11379112040126148,0.007102993404363267,0.49485255064421774,0.3333333333333333,No,Low Risk
Jammu and Kashmir,Budgam,2025-12-01,0.11369765816368663,0.09271523178807947,0.49149894156046275,0.3333333333333333,No,Low Risk
Telangana,Medak,2025-12-01,0.11368807027512708,0.2968892955169259,0.4911549092432224,0.3333333333333333,No,Low Risk
Telangana,Yadadri.,2025-12-01,0.11366197096174194,0.4507042253521127,0.49021841449711634,0.3333333333333333,No,Low Risk
Arunachal Pradesh,Papum Pare,2025-12-01,0.11349141761344496,0.04,0.484098624591,0.3333333333333333,No,Low Risk
Uttar Pradesh,Pilibhit,2025-12-01,0.11339752919787445,-0.005627857896588111,0.3999542750332373,0.3333333333333333,No,Low Risk
Kerala,Alappuzha,2025-12-01,0.11324878268293923,0.32447817836812143,0.47539240560786666,0.3333333333333333,No,Low Risk
Telangana,Nagarkurnool,2025-12-01,0.11323324184129806,0.4824120603015075,0.4748347696144497,0.3333333333333333,No,Low Risk
Assam,Bajali,2025-12-01,0.11313764371925453,0.0,0.47140452079103173,0.3333333333333333,No,Low Risk
Bihar,Lakhisarai,2025-12-01,0.1131269034723146,0.07995226730310262,0.4710191395864503,0.3333333333333333,No,Low Risk
Maharashtra,Sindhudurg,2025-12-01,0.11310284611729216,0.37343096234309625,0.4701559143264109,0.3333333333333333,No,Low Risk
Telangana,Kamareddy,2025-12-01,0.11296356591304453,0.04985337243401759,0.4651582663963792,0.3333333333333333,No,Low Risk
Madhya Pradesh,Sehore,2025-12-01,0.1128776314186809,0.0134847409510291,0.46207476755894805,0.3333333333333333,No,Low Risk
Nagaland,Kohima,2025-12-01,0.11274839139141546,0.028846153846153848,0.4574373809451829,0.3333333333333333,No,Low Risk
Goa,North Goa,2025-12-01,0.11263682597114714,0.15988372093023256,0.45343419402656115,0.3333333333333333,No,Low Risk
Meghalaya,West Khasi Hills,2025-12-01,0.11263584193210742,0.2727272727272727,0.453398884768533,0.3333333333333333,No,Low Risk
Bihar,Khagaria,2025-12-01,0.11241490448764187,0.1273006134969325,0.44547121430046904,0.3333333333333333,No,Low Risk
Andaman and Nicobar Islands,North And Middle Andaman,2025-12-01,0.11240517851782215,0.22916666666666666,0.44512222735577284,0.3333333333333333,No,Low Risk
Manipur,Senapati,2025-12-01,0.11234965482301607,0.0069605568445475635,0.4431299278763577,0.3333333333333333,No,Low Risk
Tripura,Khowai,2025-12-01,0.11217716057873346,0.33088235294117646,0.43694049480122615,0.3333333333333333,No,Low Risk
Punjab,Patiala,2025-12-01,0.11215453186794475,0.0004982561036372695,0.4361285321088723,0.3333333333333333,No,Low Risk
Uttar Pradesh,Kanpur Dehat,2025-12-01,0.11203429091934758,0.0,0.43181405015425567,0.3333333333333333,No,Low Risk
Arunachal Pradesh,Upper Subansiri,2025-12-01,0.11200712997255727,0.1,0.43083946191152905,0.3333333333333333,No,Low Risk
Uttar Pradesh,Mainpuri,2025-12-01,0.11198659363769133,0.06520414381474711,0.43010257778655464,0.3333333333333333,No,Low Risk
Haryana,Fatehabad,2025-12-01,0.11182140420857127,0.1356655290102389,0.42417525586048066,0.3333333333333333,No,Low Risk
Odisha,Malkangiri,2025-12-01,0.11171722727969939,0.2938496583143508,0.42043718255892265,0.3333333333333333,No,Low Risk
Delhi,North East Delhi,2025-12-01,0.11169152399446389,0.023034154090548053,0.41951489808248793,0.3333333333333333,No,Low Risk
Tamil Nadu,Kallakurichi,2025-12-01,0.11152963077906618,0.0898876404494382,0.4137058507940442,0.3333333333333333,No,Low Risk
Uttar Pradesh,Etawah,2025-12-01,0.11150258970218509,0.02681992337164751,0.4127355637196488,0.3333333333333333,No,Low Risk
Telangana,Jagitial,2025-12-01,0.11133885795125431,0.2755102040816326,0.4068605461567446,0.3333333333333333,No,Low Risk
West Bengal,Jalpaiguri,2025-12-01,0.1113075838486718,0.08056580565805659,0.4057383697866037,0.3333333333333333,No,Low Risk
Jharkhand,Bokaro,2025-12-01,0.11130204977537153,0.07437070938215103,0.40553979634163234,0.3333333333333333,No,Low Risk
Sikkim,West Sikkim,2025-12-01,0.11121607637060525,0.8,0.4024549013223509,0.3333333333333333,No,Low Risk
Jharkhand,Pashchimi Singhbhum,2025-12-01,0.11121080211207117,0.12697603263641,0.4022656505426895,0.3333333333333333,No,Low Risk
Gujarat,Bharuch,2025-12-01,0.11115885653168699,0.16137339055793992,0.40040174085298386,0.3333333333333333,No,Low Risk
Punjab,Bathinda,2025-12-01,0.11109215665104874,0.2628250175685172,0.3980084178232986,0.3333333333333333,No,Low Risk
Maharashtra,Thane,2025-12-01,0.11097311781595486,0.11458673636066645,0.3937370700677863,0.3333333333333333,No,Low Risk
Andhra Pradesh,Guntur,2025-12-01,0.11088446608832542,0.16361619523017193,0.3905560715513473,0.3333333333333333,No,Low Risk
Andhra Pradesh,Chittoor,2025-12-01,0.11088361056791525,0.27748493975903615,0.3905253737947635,0.3333333333333333,No,Low Risk
Manipur,Thoubal,2025-12-01,0.11083185503938754,0.13142857142857142,0.388668283539824,0.3333333333333333,No,Low Risk
Odisha,Jajpur,2025-12-01,0.11082645500730112,0.1999018886436105,0.38847451975749353,0.3333333333333333,No,Low Risk
Bihar,Madhepura,2025-12-01,0.11080695068325372,0.028406102051551814,0.38777466621241347,0.3333333333333333,No,Low Risk
Haryana,Rewari,2025-12-01,0.11078498357828705,0.04744525547445255,0.38698644323946096,0.3333333333333333,No,Low Risk
Tripura,West Tripura,2025-12-01,0.11078230448813627,0.17057396928051738,0.3868903122105133,0.3333333333333333,No,Low Risk
Jharkhand,Palamu,2025-12-01,0.11074561503476735,0.0660628662759723,0.3855738223929281,0.3333333333333333,No,Low Risk
Andhra Pradesh,Khammam,2025-12-01,0.11072468280470694,0.023989898989898988,0.3848227327689757,0.3333333333333333,No,Low Risk
Jharkhand,Simdega,2025-12-01,0.11071428304647002,0.017543859649122806,0.3844495689693794,0.3333333333333333,No,Low Risk
Tripura,Dhalai,2025-12-01,0.11052270643121401,0.31197771587743733,0.37757542285616386,0.3333333333333333,No,Low Risk
Maharashtra,Hingoli,2025-12-01,0.11048847068243155,0.005455962587685113,0.37634697678976103,0.3333333333333333,No,Low Risk
Gujarat,Anand,2025-12-01,0.11036632480154587,0.0018552875695732839,0.37196414211438295,0.3333333333333333,No,Low Risk
Telangana,Jangaon,2025-12-01,0.11030688131064119,0.11267605633802817,0.36983119263402847,0.3333333333333333,No,Low Risk
Gujarat,Mahesana,2025-12-01,0.11022150750748115,0.12017167381974249,0.36676781250081764,0.3333333333333333,No,Low Risk
Telangana,Rajanna Sircilla,2025-12-01,0.11013826952983706,0.3222748815165877,0.3637810699919291,0.3333333333333333,No,Low Risk
Nagaland,Mokokchung,2025-12-01,0.11011708660799838,0.23931623931623933,0.3630209850534345,0.3333333333333333,No,Low Risk
Uttar Pradesh,Auraiya,2025-12-01,0.11001175945705086,0.09480401093892434,0.35924163951935434,0.3333333333333333,No,Low Risk
Andhra Pradesh,Kakinada,2025-12-01,0.10998024421443611,0.13966480446927373,0.358110810570123,0.3333333333333333,No,Low Risk
Andhra Pradesh,Krishna,2025-12-01,0.10997790786463117,0.13806327900287632,0.3580269777395384,0.3333333333333333,No,Low Risk
Andhra Pradesh,Sri Sathya Sai,2025-12-01,0.10993669235134756,0.271523178807947,0.35654808398173765,0.3333333333333333,No,Low Risk
Jharkhand,Ranchi,2025-12-01,0.10984892090690127,0.0740432612312812,0.3533986717589276,0.3333333333333333,No,Low Risk
Andhra Pradesh,N. T. R,2025-12-01,0.10978425641339862,0.028735632183908046,0.35107838242674466,0.3333333333333333,No,Low Risk
Jharkhand,Giridih,2025-12-01,0.10975836366905684,0.12209302325581395,0.3501492997845872,0.3333333333333333,No,Low Risk
Daman and Diu,Daman,2025-12-01,0.10975296148424567,0.08040201005025126,0.3499554587582547,0.3333333333333333,No,Low Risk
Gujarat,Junagadh,2025-12-01,0.10975209176308215,0.05387647831800263,0.3499242514506832,0.3333333333333333,No,Low Risk
Tripura,South Tripura,2025-12-01,0.1097481940246388,0.1478463329452852,0.349784392921839,0.3333333333333333,No,Low Risk
Gujarat,Bhavnagar,2025-12-01,0.10972737614107936,0.11748013620885357,0.34903740627545565,0.3333333333333333,No,Low Risk
Chhattisgarh,Dantewada,2025-12-01,0.10967973414078167,0.013793103448275862,0.3473279175117332,0.3333333333333333,No,Low Risk
Andhra Pradesh,Nandyal,2025-12-01,0.10943259721993505,0.1323529411764706,0.338460158252078,0.3333333333333333,No,Low Risk
Uttarakhand,Almora,2025-12-01,0.10942513863132193,0.03851261620185923,0.33819252940887895,0.3333333333333333,No,Low Risk
Assam,Dhemaji,2025-12-01,0.10939049189984698,0.02569593147751606,0.3369493364743662,0.3333333333333333,No,Low Risk
Delhi,North Delhi,2025-12-01,0.10935693630612683,0.04039167686658507,0.3357452957106239,0.3333333333333333,No,Low Risk
Gujarat,Rajkot,2025-12-01,0.10930273994778833,0.047206582936336075,0.3338006236767996,0.3333333333333333,No,Low Risk
Gujarat,Jamnagar,2025-12-01,0.10926525621030021,0.0640904806786051,0.33245563338130646,0.3333333333333333,No,Low Risk
Maharashtra,Mumbai City,2025-12-01,0.10926155120442752,0.3630952380952381,0.33232269047653035,0.3333333333333333,No,Low Risk
Andhra Pradesh,East Godavari,2025-12-01,0.10916957766156743,0.11652600054451402,0.3290224986899422,0.3333333333333333,No,Low Risk
Himachal Pradesh,Sirmaur,2025-12-01,0.10900765052599463,0.12359550561797752,0.32321223427883744,0.3333333333333333,No,Low Risk
Uttar Pradesh,Shamli,2025-12-01,0.10889240500989955,0.10609357997823722,0.3190769982769281,0.3333333333333333,No,Low Risk
Gujarat,Kachchh,2025-12-01,0.10888236331587986,0.13589274832419257,0.31871668252636903,0.3333333333333333,No,Low Risk
Uttarakhand,Pauri Garhwal,2025-12-01,0.10881262930134218,0.04395604395604396,0.31621448879905756,0.3333333333333333,No,Low Risk
Sikkim,North Sikkim,2025-12-01,0.10875013957025569,0.06896551724137931,0.3139722342238315,0.3333333333333333,No,Low Risk
Uttar Pradesh,Chitrakoot,2025-12-01,0.1083985031844506,0.05484818805093046,0.3013548284328528,0.3333333333333333,No,Low Risk
Delhi,Shahdara,2025-12-01,0.10838448562993563,0.06944444444444445,0.3008518509804265,0.3333333333333333,No,Low Risk
Jharkhand,Seraikela-Kharsawan,2025-12-01,0.1083574678856597,0.08555286521388217,0.2998824011258394,0.3333333333333333,No,Low Risk
Uttar Pradesh,Hardoi,2025-12-01,0.10829432419046416,0.0368474923234391,0.29761668103091826,0.3333333333333333,No,Low Risk
Bihar,Samastipur,2025-12-01,0.10819423385692362,0.07052379322149949,0.2940252428151489,0.3333333333333333,No,Low Risk
Manipur,Churachandpur,2025-12-01,0.10815860684101795,0.0033112582781456954,0.29274687534537114,0.3333333333333333,No,Low Risk
Telangana,Mancherial,2025-12-01,0.1081167577483465,0.17647058823529413,0.2912452475118041,0.3333333333333333,No,Low Risk
Arunachal Pradesh,East Siang,2025-12-01,0.10811333924309291,0.484375,0.2911225848132766,0.3333333333333333,No,Low Risk
Jharkhand,Sahebganj,2025-12-01,0.10795084361620588,0.0153015301530153,0.2852919218146255,0.3333333333333333,No,Low Risk
West Bengal,Dakshin Dinajpur,2025-12-01,0.10792371459627988,0.0706401766004415,0.2843184791706449,0.3333333333333333,No,Low Risk
Andhra Pradesh,Bapatla,2025-12-01,0.10791747851000624,0.10679611650485436,0.28409471611813275,0.3333333333333333,No,Low Risk
Punjab,Fatehgarh Sahib,2025-12-01,0.1077204113487265,0.07823613086770982,0.2770235584043202,0.3333333333333333,No,Low Risk
Jharkhand,Jamtara,2025-12-01,0.10771197854725094,0.05180533751962323,0.2767209728856793,0.3333333333333333,No,Low Risk
Chhattisgarh,Uttar Bastar Kanker,2025-12-01,0.10770328736634704,0.03484848484848485,0.2764091162044767,0.3333333333333333,No,Low Risk
Gujarat,Navsari,2025-12-01,0.10767695589735353,0.07585139318885449,0.2754642912580965,0.3333333333333333,No,Low Risk
Assam,Karimganj,2025-12-01,0.10763843688351148,0.041749502982107355,0.2740821532088702,0.3333333333333333,No,Low Risk
Gujarat,Amreli,2025-12-01,0.10761870627494671,0.11214953271028037,0.27337418012981984,0.3333333333333333,No,Low Risk
Jharkhand,Koderma,2025-12-01,0.10760323859604719,0.0482897384305835,0.272819169359609,0.3333333333333333,No,Low Risk
Jharkhand,Dhanbad,2025-12-01,0.10753500055857478,0.20755693581780538,0.27037065423453716,0.3333333333333333,No,Low Risk
Andhra Pradesh,Warangal,2025-12-01,0.1071180790024118,0.19663512092534174,0.2554106880038793,0.3333333333333333,No,Low Risk
West Bengal,Purab Bardhaman,2025-12-01,0.10704791212869735,0.13796680497925312,0.2528929624371334,0.3333333333333333,No,Low Risk
Jharkhand,Hazaribagh,2025-12-01,0.10682652639653124,0.039525691699604744,0.24494920652382754,0.3333333333333333,No,Low Risk
Uttarakhand,Pithoragarh,2025-12-01,0.10677485938521773,0.022889842632331903,0.24309529244079786,0.3333333333333333,No,Low Risk
Maharashtra,Mumbai Suburban,2025-12-01,0.10676963307544358,0.1900105708245243,0.2429077621570399,0.3333333333333333,No,Low Risk
Chhattisgarh,Bijapur,2025-12-01,0.10646424343189921,0.21914357682619648,0.23194978052456544,0.3333333333333333,No,Low Risk
Uttar Pradesh,Siddharthnagar,2025-12-01,0.1064011092758309,0.020428015564202335,0.22968440271230905,0.3333333333333333,No,Low Risk
West Bengal,Kolkata,2025-12-01,0.10628548782286588,0.11436781609195402,0.22553567735539803,0.3333333333333333,No,Low Risk
Punjab,Ludhiana,2025-12-01,0.10604170856292658,0.04462540716612378,0.2167883975793406,0.3333333333333333,No,Low Risk
Jammu and Kashmir,Kathua,2025-12-01,0.10589815020263028,0.17218543046357615,0.21163724098785558,0.3333333333333333,No,Low Risk
Assam,Biswanath,2025-12-01,0.1058744724050604,0.12883435582822086,0.21078763499645087,0.3333333333333333,No,Low Risk
Gujarat,Porbandar,2025-12-01,0.10575114233027309,0.056716417910447764,0.2063623091125544,0.3333333333333333,No,Low Risk
Assam,Karbi Anglong,2025-12-01,0.10574596565486444,0.1541501976284585,0.20617655980754496,0.3333333333333333,No,Low Risk
Jammu and Kashmir,Punch,2025-12-01,0.10528966636600474,0.21757925072046108,0.18980364300459227,0.3333333333333333,No,Low Risk
Andhra Pradesh,Y. S. R,2025-12-01,0.10519557194548915,0.10852713178294573,0.18642734995234125,0.3333333333333333,No,Low Risk
West Bengal,Birbhum,2025-12-01,0.1050805513761588,0.003345880384776244,0.18230018548320473,0.3333333333333333,No,Low Risk
Jammu and Kashmir,Reasi,2025-12-01,0.10493140689965764,0.4188679245283019,0.1769485880448746,0.3333333333333333,No,Low Risk
Sikkim,South Sikkim,2025-12-01,0.10484531176737782,0.1875,0.17385932520276168,0.3333333333333333,No,Low Risk
Jharkhand,Purbi Singhbhum,2025-12-01,0.1047131455551377,0.07417974322396577,0.16911694131131008,0.3333333333333333,No,Low Risk
Punjab,Barnala,2025-12-01,0.10439224142828268,0.0,0.15760226947421008,0.3333333333333333,No,Low Risk
Punjab,Nawanshahr,2025-12-01,0.1037027573608421,0.2185792349726776,0.13286222374374806,0.3333333333333333,No,Low Risk
West Bengal,Murshidabad,2025-12-01,0.10339488752377561,0.0007302823758519961,0.12181524788493105,0.3333333333333333,No,Low Risk
West Bengal,Nadia,2025-12-01,0.10338642169255376,0.00985432733504713,0.12151147719396697,0.3333333333333333,No,Low Risk
Arunachal Pradesh,Leparada,2025-12-01,0.07379781808661584,1.0,0.8539125638299665,0.16666666666666666,No,Low Risk
Rajasthan,Jhalawar,2025-12-01,0.07257636474308055,0.03358778625954199,0.8100844131826804,0.16666666666666666,No,Low Risk
Delhi,South East Delhi,2025-12-01,0.0716081625548535,1.3333333333333333,0.7753434125646567,0.16666666666666666,No,Low Risk
Arunachal Pradesh,Kurung Kumey,2025-12-01,0.07144112384964421,0.0,0.7693497349718221,0.16666666666666666,No,Low Risk
Meghalaya,East Khasi Hills,2025-12-01,0.06923942569493996,0.5259938837920489,0.6903484706869849,0.16666666666666666,No,Low Risk
Meghalaya,West Garo Hills,2025-12-01,0.06830058362673355,0.13356164383561644,0.6566609689767151,0.16666666666666666,No,Low Risk
Meghalaya,North Garo Hills,2025-12-01,0.06671775182816637,0.05263157894736842,0.5998658479153329,0.16666666666666666,No,Low Risk
Arunachal Pradesh,West Siang,2025-12-01,0.06630094243565796,0.08670520231213873,0.5849099063374181,0.16666666666666666,No,Low Risk
Maharashtra,Sangli,2025-12-01,0.06593585677944762,0.0754019589724635,0.5718099142466537,0.16666666666666666,No,Low Risk
Mizoram,Saiha,2025-12-01,0.06489787866938133,0.07407407407407407,0.5345652161848355,0.16666666666666666,No,Low Risk
Maharashtra,Satara,2025-12-01,0.06395308028517475,0.19950903816112475,0.5006639901302505,0.16666666666666666,No,Low Risk
Chandigarh,Mohali,2025-12-01,0.0639345754440466,,0.5,0.16666666666666666,No,Low Risk
Mizoram,Lunglei,2025-12-01,0.06377327381583196,0.55,0.49421218002434586,0.16666666666666666,No,Low Risk
Maharashtra,Yavatmal,2025-12-01,0.06338686519519524,0.06839301201833725,0.48034707799133697,0.16666666666666666,No,Low Risk
Rajasthan,Kotputli-Behror,2025-12-01,0.062463463172195,0.0,0.447213595499958,0.16666666666666666,No,Low Risk
Rajasthan,Didwana-Kuchaman,2025-12-01,0.062463463172195,0.0,0.4472135954999579,0.16666666666666666,No,Low Risk
Meghalaya,Eastern West Khasi Hills,2025-12-01,0.062463463172195,0.0,0.4472135954999579,0.16666666666666666,No,Low Risk
Meghalaya,Jaintia Hills,2025-12-01,0.062463463172195,0.0,0.4472135954999579,0.16666666666666666,No,Low Risk
Haryana,Ambala,2025-12-01,0.06178918370410157,0.02028740490278952,0.4230191207274414,0.16666666666666666,No,Low Risk
Gujarat,The Dangs,2025-12-01,0.06109554957249065,0.2152777777777778,0.3981301625242953,0.16666666666666666,No,Low Risk
Manipur,Ukhrul,2025-12-01,0.06107321872663077,0.26666666666666666,0.39732888781199605,0.16666666666666666,No,Low Risk
Dadra and Nagar Haveli,Dadra and Nagar Haveli,2025-12-01,0.05958736746454347,0.1285240464344942,0.34401361932557395,0.16666666666666666,No,Low Risk
West Bengal,Jhargram,2025-12-01,0.05939541324866896,0.0625,0.3371259241587823,0.16666666666666666,No,Low Risk
Gujarat,Dahod,2025-12-01,0.058964384404848955,0.10896403650026838,0.32165976067390323,0.16666666666666666,No,Low Risk
Andhra Pradesh,Vizianagaram,2025-12-01,0.0584759206669737,0.1574944071588367,0.3041327201179623,0.16666666666666666,No,Low Risk
Uttar Pradesh,Amethi,2025-12-01,0.058389954026353656,0.07970570202329859,0.3010480678095644,0.16666666666666666,No,Low Risk
Gujarat,Vadodara,2025-12-01,0.05832906922860258,0.05237932214994865,0.29886340140205325,0.16666666666666666,No,Low Risk
Uttar Pradesh,Sitapur,2025-12-01,0.058108787290237426,0.002188183807439825,0.2909592517833697,0.16666666666666666,No,Low Risk
Uttar Pradesh,Rae Bareli,2025-12-01,0.05750383291030158,0.07417102966841187,0.26925229765459124,0.16666666666666666,No,Low Risk
Manipur,Imphal West,2025-12-01,0.057375456543752854,0.15942028985507245,0.264645900887635,0.16666666666666666,No,Low Risk
Uttar Pradesh,Pratapgarh,2025-12-01,0.057283211170211075,0.0,0.2613359552810328,0.16666666666666666,No,Low Risk
Uttar Pradesh,Bijnor,2025-12-01,0.057162909829380285,0.07802591673559416,0.25701930633417935,0.16666666666666666,No,Low Risk
Haryana,Gurgaon,2025-12-01,0.056991191983640034,0.04654895666131621,0.2508577319672468,0.16666666666666666,No,Low Risk
Uttarakhand,Tehri Garhwal,2025-12-01,0.056839882300237204,0.0,0.24542844264263086,0.16666666666666666,No,Low Risk
Uttar Pradesh,Prayagraj,2025-12-01,0.05657995930426432,0.025236593059936908,0.23610189383543587,0.16666666666666666,No,Low Risk
Ladakh,Kargil,2025-12-01,0.05638485227005114,0.25806451612903225,0.2291010693396836,0.16666666666666666,No,Low Risk
Maharashtra,Mumbai,2025-12-01,0.05635269474651352,0.20541220893643802,0.2279471940864782,0.16666666666666666,No,Low Risk
West Bengal,Darjeeling,2025-12-01,0.05621997799600281,0.10159817351598173,0.22318505579803077,0.16666666666666666,No,Low Risk
Tripura,North Tripura,2025-12-01,0.055818953394520976,0.09495192307692307,0.20879550359774557,0.16666666666666666,No,Low Risk
Andhra Pradesh,West Godavari,2025-12-01,0.05555953561460685,0.05332409972299169,0.19948708293736037,0.16666666666666666,No,Low Risk
Arunachal Pradesh,West Kameng,2025-12-01,0.005981310765034295,0.07792207792207792,0.2146212056855219,0.0,No,Low Risk
Haryana,Akhera,2025-12-01,0.0,0.0,0.0,0.0,No,Low Risk
Rajasthan,Phalodi,2025-12-01,0.0,,0.0,0.0,No,Low Risk
Rajasthan,Beawar,2025-12-01,0.0,0.0,0.0,0.0,No,Low Risk
Mizoram,Khawzawl,2025-12-01,0.0,0.0,0.0,0.0,No,Low Risk
Rajasthan,Balotra,2025-12-01,0.0,,0.0,0.0,No,Low Risk
Tamil Nadu,Tiruvarur,2025-12-01,0.0,0.0,0.0,0.0,No,Low Risk
Tamil Nadu,Tuticorin,2025-12-01,0.0,0.0,0.0,0.0,No,Low Risk
